"number","name","earnings","gold","silver","bronze","s-tier"
1,"Faker","$1,498,711",18,9,3,16
2,"Duke","$1,151,427",10,2,5,8
3,"Bang","$1,057,318",9,5,2,9
4,"Wolf","$1,053,271",9,7,1,9
5,"Bengi","$926,920",9,1,3,8
6,"JackeyLove","$841,011",10,3,2,5
7,"CoreJJ","$746,738",9,7,2,3
8,"Rookie","$735,323",7,4,6,4
9,"Ning","$696,766",5,3,4,3
10,"Baolan","$684,271",6,3,4,3
11,"TheShy","$682,222",5,3,3,3
12,"Xiaohu","$680,083",12,4,0,8
13,"Ruler","$664,007",6,6,3,1
14,"Blank","$655,613",5,5,2,5
15,"Karsa","$624,814",13,3,1,10
16,"Ambition","$596,773",8,6,3,2
17,"Uzi","$595,528",7,6,1,4
18,"Mata","$585,456",9,6,5,7
19,"Perkz","$583,204",13,6,3,12
20,"caPs","$562,862",11,3,4,9
21,"CuVee","$562,064",5,3,1,1
22,"Impact","$558,249",12,6,4,9
23,"Crown","$555,513",5,3,2,1
24,"Meiko","$548,639",12,3,3,8
25,"Peanut","$531,539",5,12,1,4
26,"Mlxg","$510,811",8,3,0,6
27,"Ming","$506,509",11,3,0,6
28,"Clearlove","$485,773",11,3,2,9
29,"Scout","$476,082",9,2,3,7
30,"Rekkles","$475,412",9,11,6,5
31,"Jankos","$475,177",8,3,4,7
32,"PawN","$448,344",8,4,5,5
33,"sOAZ","$446,848",12,11,2,6
34,"Khan","$444,323",8,7,1,7
35,"Deft","$442,594",8,9,5,6
36,"Letme","$428,568",7,2,0,5
37,"Doinb","$401,782",3,8,5,3
38,"Wunder","$401,741",10,3,1,7
39,"Haru","$397,728",4,0,1,2
40,"PraY","$394,085",5,8,1,4
41,"Hylissang","$389,692",6,11,3,4
42,"Bwipo","$381,055",6,5,1,4
43,"Huni","$380,708",5,5,5,4
44,"Jensen","$376,739",9,7,1,3
45,"Looper","$357,390",3,2,2,2
46,"GorillA","$356,840",4,10,1,3
47,"Lwx","$354,755",2,5,2,2
47,"Crisp","$354,755",2,4,2,2
49,"Broxah","$353,940",6,3,4,4
50,"Tian","$348,885",3,5,2,2
51,"ShowMaker","$347,609",8,2,1,5
52,"Canyon","$344,963",7,2,1,5
53,"BeryL","$340,983",8,2,1,5
54,"SwordArT","$333,989",9,2,6,6
55,"Doublelift","$333,438",10,9,2,9
56,"Imp","$329,670",4,4,5,3
57,"Smeb","$312,308",4,7,3,2
58,"Ghost","$307,025",5,2,1,4
59,"Sneaky","$303,345",10,7,0,3
60,"Mikyx","$295,496",7,2,1,6
61,"Zven","$295,293",8,11,2,5
62,"Kuro","$292,392",2,6,3,1
63,"Easyhoon","$292,021",4,1,0,3
64,"Xmithie","$283,599",6,6,2,6
65,"Svenskeren","$280,214",5,6,2,4
66,"Bjergsen","$276,259",10,9,1,7
67,"Bdd","$273,033",3,6,2,2
68,"DanDy","$271,874",3,2,3,2
69,"MaRin","$264,796",3,1,1,3
70,"Nuguri","$262,341",5,2,1,3
71,"Piglet","$261,128",4,1,4,3
72,"Maple","$259,725",10,2,4,6
73,"Viper","$257,895",5,3,2,3
74,"PoohManDu","$252,967",4,0,2,3
75,"GimGoon","$252,048",2,1,3,2
76,"Clid","$250,619",5,2,4,3
77,"Mouse","$245,036",5,2,2,5
78,"mithy","$243,179",8,11,1,4
79,"knight","$220,609",4,5,1,2
80,"Zero","$218,370",2,2,1,2
81,"Flandre","$218,145",2,1,2,2
82,"BeBe","$216,657",1,1,3,1
83,"xiye","$216,064",4,3,1,2
84,"369","$214,594",3,4,1,2
85,"Rascal","$212,028",4,4,3,3
86,"LokeN","$207,782",4,5,4,1
87,"Cuzz","$206,626",4,4,1,4
88,"Mystic","$204,301",4,2,2,2
89,"Toyz","$202,560",1,2,1,1
90,"Lilballz","$202,160",1,1,1,1
90,"Stanley","$202,160",1,1,1,1
90,"MiSTakE","$202,160",1,1,1,1
93,"Score","$198,131",5,9,5,2
94,"Korol","$194,554",4,2,3,4
95,"Betty","$194,014",7,0,4,6
96,"Ben","$193,705",3,2,2,1
97,"Blaber","$193,038",5,3,1,2
98,"Jiejie","$191,196",2,1,3,2
99,"iBoy","$190,136",5,1,1,2
100,"LvMao","$188,058",2,3,4,1
100,"Yagao","$188,058",2,3,4,1
100,"Zoom","$188,058",3,3,4,1
103,"Trick","$187,750",4,3,3,4
104,"Ryu","$187,402",3,3,6,2
105,"Condi","$184,048",3,1,1,2
106,"YellOwStaR","$181,049",7,8,2,5
107,"Santorin","$177,825",7,5,0,1
108,"Zz1tai","$177,179",5,3,3,3
109,"WildTurtle","$175,508",5,7,3,4
110,"yuyanjia","$174,422",3,1,1,2
111,"Wraith","$173,098",1,1,1,0
112,"Odoamne","$172,452",6,2,8,1
113,"Spirit","$166,570",2,5,5,1
114,"Expect","$166,311",5,3,0,3
115,"Ssumday","$165,571",5,5,1,2
116,"Teddy","$162,007",4,1,0,4
117,"Chovy","$159,439",3,5,3,1
118,"Hjarnan","$155,680",10,9,7,1
119,"xPeke","$153,709",10,7,1,4
120,"Licorice","$153,113",2,5,0,1
121,"Biofrost","$152,075",5,0,2,5
122,"inSec","$147,833",4,2,2,2
123,"Hanabi","$147,548",7,1,2,3
124,"Diamondprox","$145,378",9,6,1,1
125,"Alphari","$144,346",4,5,0,1
126,"Humanoid","$142,211",5,1,1,2
127,"Hans sama","$141,972",4,2,2,0
128,"Fireloli","$141,777",3,1,2,3
129,"Zeyzal","$139,853",3,6,2,0
130,"SofM","$138,245",2,2,2,0
131,"MMD","$136,650",6,1,1,6
132,"Pobelter","$135,942",3,3,3,3
133,"Meteos","$135,660",5,4,1,2
134,"Edward","$134,784",10,6,1,1
135,"Dyrus","$134,031",6,9,0,3
136,"Flame","$132,955",3,4,1,3
137,"Hauntzer","$132,500",4,2,2,4
138,"Kanavi","$131,823",1,2,2,1
139,"aphromoo","$131,340",2,6,2,2
140,"Vander","$128,943",1,2,4,0
141,"Evi","$127,356",9,4,3,1
142,"huanfeng","$126,864",3,1,1,0
143,"Yutapon","$124,856",11,6,1,1
144,"Rey","$123,881",3,2,1,1
145,"NaMei","$123,247",4,2,0,4
146,"Steal","$121,871",8,3,1,1
147,"PowerOfEvil","$121,830",1,7,5,0
148,"Smoothie","$121,333",4,6,1,1
149,"GALA","$120,125",4,1,0,2
150,"Life","$118,432",1,3,2,0
151,"Olleh","$114,025",2,5,0,2
152,"dade","$113,967",2,2,1,2
153,"Kramer","$113,854",0,3,2,0
154,"Bin","$112,516",2,1,2,0
155,"Angel","$112,205",3,2,1,0
156,"Gaeng","$110,531",6,1,2,0
157,"Cyanide","$110,153",7,5,1,4
158,"WADID","$109,876",3,1,1,1
159,"Acorn","$109,282",2,2,0,2
160,"Haro","$109,047",3,2,1,1
161,"TusiN","$108,129",1,3,3,1
162,"Able","$106,919",3,0,0,2
163,"QiuQiu","$106,235",1,2,1,1
164,"Keria","$103,731",1,2,1,0
165,"IgNar","$103,331",1,3,3,0
166,"Kira","$102,589",6,3,1,0
167,"Wei","$102,559",3,0,0,2
167,"Cryin","$102,559",4,0,0,2
169,"Lustboy","$102,509",6,3,0,3
170,"Wuxx","$102,172",2,1,2,1
171,"Cool","$102,124",1,2,2,1
172,"PvPStejos","$101,895",6,3,0,0
173,"ZionSpartan","$101,765",2,8,2,2
174,"Tarzan","$101,099",3,4,1,1
175,"huhi","$101,016",2,4,1,2
176,"Carzzy","$100,957",6,1,1,2
177,"Shy","$100,948",1,5,2,0
178,"Kaiser","$98,621",6,2,3,2
179,"MadLife","$98,606",2,6,2,0
180,"Nemesis","$98,428",7,4,1,1
181,"Woolite","$96,340",15,8,1,0
182,"Watch","$96,297",1,3,0,1
183,"West","$95,566",2,2,1,1
184,"Athena","$95,443",3,2,1,0
185,"FORG1VEN","$95,379",1,0,1,0
186,"FZZF","$95,303",5,1,1,3
187,"Ceros","$94,940",10,7,1,1
188,"Levi","$94,834",8,6,0,0
189,"Alex Ich","$94,049",4,5,1,1
190,"Amazing","$93,969",4,4,1,1
191,"Gogoing","$93,900",1,3,1,1
191,"LoveLing","$93,900",1,3,1,1
191,"san","$93,900",1,3,1,1
194,"Nisqy","$93,890",3,8,2,2
195,"FEBIVEN","$93,852",7,5,2,2
196,"Flawless","$93,606",2,4,1,1
197,"Kiin","$90,451",1,3,2,0
198,"Genja","$89,300",4,3,1,1
198,"Darien","$89,300",4,3,1,1
200,"AmazingJ","$87,668",2,2,1,0
201,"Hai","$87,649",5,2,1,2
202,"Ucal","$87,281",1,1,1,1
203,"LemonNation","$87,249",5,2,0,2
204,"Ziv","$86,726",1,3,3,0
205,"Jesiz","$85,412",2,2,5,0
206,"Kid","$84,963",1,3,4,0
207,"Vizicsacsi","$84,394",1,10,2,0
208,"Froggen","$84,313",4,1,2,1
209,"Mowgli","$84,189",1,1,2,0
210,"Vulcan","$84,088",4,2,1,2
211,"Balls","$83,500",5,2,1,2
212,"Canna","$83,494",2,2,0,1
213,"Lehends","$83,276",3,3,1,1
214,"Moojin","$82,946",2,1,1,2
215,"U","$82,801",3,1,0,3
216,"KaKAO","$82,348",3,2,5,1
217,"Arrow","$82,200",6,3,2,2
218,"Effort","$81,052",2,1,0,2
219,"Westdoor","$80,942",1,2,2,0
220,"Kikis","$80,810",4,5,6,1
221,"Tactical","$80,740",3,4,1,0
222,"Jinjiao","$77,833",1,3,1,0
223,"Sw0rd","$77,590",3,3,1,1
224,"Xpecial","$76,040",4,7,4,1
225,"Wickd","$76,037",2,3,4,1
226,"An","$75,876",1,2,3,0
227,"y4","$75,722",2,1,0,2
228,"SaNTaS","$73,678",8,4,0,0
229,"Leyan","$72,683",3,0,0,0
230,"705","$72,451",2,0,0,1
231,"Albis","$72,272",1,2,2,0
232,"Cain","$72,097",1,1,0,1
233,"Smurf","$71,596",4,4,2,0
234,"RapidStar","$71,547",0,3,0,0
235,"Hojin","$71,222",0,2,1,0
236,"Mountain","$71,160",1,2,2,0
237,"Kobbe","$71,096",3,2,3,1
238,"Armut","$70,832",4,0,0,2
239,"NL","$70,532",3,0,0,1
240,"JunJia","$69,224",2,0,0,1
241,"Stixxay","$68,940",1,4,3,1
242,"Jactroll","$68,795",4,2,2,0
243,"GodLike","$68,511",0,1,1,0
244,"Corn","$68,440",0,1,1,0
245,"TheOddOne","$68,040",4,6,2,1
246,"LANGX","$67,726",1,2,1,0
247,"Kaiwing","$67,091",6,1,1,0
248,"Reginald","$67,040",4,5,2,1
249,"Elyoya","$66,955",3,1,0,2
250,"Reignover","$66,370",2,1,2,2
251,"BOSS","$65,975",8,1,0,0
252,"Selfmade","$65,719",5,3,0,0
253,"Larssen","$65,607",1,4,2,0
254,"Heart","$63,444",1,1,0,1
255,"Woong","$63,255",0,3,0,0
256,"Nomanz","$62,885",8,1,0,0
257,"Nuclear","$62,417",3,1,1,1
258,"AHaHaCiK","$62,394",8,1,0,0
259,"Nagne","$62,287",1,1,0,0
260,"Armao","$62,000",3,4,1,0
261,"Aodi","$61,570",2,0,0,2
262,"Naul","$61,554",4,4,1,0
263,"Maxlore","$61,473",1,1,1,0
264,"Unified","$61,368",6,1,1,0
265,"Koala","$61,295",2,2,3,1
266,"Slay","$60,702",4,1,1,0
267,"Palette","$60,489",3,3,1,0
268,"Cabochard","$60,150",2,4,1,0
269,"Road","$60,131",1,2,2,0
270,"Gumayusi","$59,851",3,2,0,0
271,"Cola","$59,693",0,1,1,0
272,"Inspired","$59,668",1,6,4,0
273,"Stark","$59,209",5,2,2,0
274,"Archie","$58,371",4,2,1,0
275,"Oner","$58,173",3,3,0,0
276,"nRated","$58,093",4,3,2,2
277,"Xerxe","$58,027",1,3,3,1
278,"iBo","$57,553",9,7,1,0
279,"Likkrit","$57,455",2,3,0,0
280,"Attila","$57,148",5,0,1,0
281,"WeiXiao","$57,090",5,0,1,1
282,"Doran","$57,052",1,2,1,0
283,"G4","$56,678",9,3,2,0
284,"XuanXuanPi","$56,562",1,0,0,1
285,"Fudge","$55,750",4,2,1,1
286,"Wh1t3zZ","$55,747",0,1,0,0
287,"Ley","$55,724",1,1,2,1
288,"brTT","$55,524",8,8,4,1
289,"Lucky","$55,327",0,1,0,0
289,"Tabe","$55,327",0,1,0,0
291,"Lloyd","$55,178",9,3,2,0
292,"PK","$54,960",2,6,4,0
293,"Slow","$54,809",6,3,1,0
294,"Pyl","$54,704",1,1,1,1
295,"Abbedagge","$54,671",3,2,2,2
296,"Jiizuke","$54,564",1,0,2,0
297,"Smlz","$54,429",2,1,4,2
298,"Contractz","$53,773",2,2,0,1
299,"Gadget","$52,774",6,4,1,0
300,"Aluka","$52,331",1,2,1,1
301,"Saken","$52,296",7,7,3,0
302,"Chawy","$52,028",0,3,2,0
303,"GODV","$51,887",1,1,0,1
304,"Cody Sun","$51,154",1,3,1,0
305,"Rockky","$50,819",6,1,2,0
306,"River","$50,642",5,2,1,0
307,"aMiracle","$50,618",2,1,0,0
308,"Snoopeh","$50,505",1,2,3,0
309,"Misaya","$50,074",4,0,1,1
310,"Bigkoro","$50,072",2,3,1,0
311,"AnDa","$50,025",5,1,0,0
312,"Nukeduck","$50,024",2,7,1,1
313,"Gilius","$49,769",2,2,4,0
314,"Denyk","$49,608",3,6,0,0
315,"Targamas","$49,212",13,4,5,0
316,"BrokenBlade","$49,035",2,5,0,2
317,"Yellowpete","$48,625",1,1,2,0
318,"Zeros","$48,254",3,2,1,0
319,"Aria","$48,138",2,0,1,0
320,"Ramune","$48,070",6,0,2,1
321,"Oddie","$48,045",7,1,3,0
322,"Piccaboo","$47,863",2,1,0,1
323,"Krepo","$47,825",1,1,1,0
324,"xMatty","$47,727",21,8,4,0
325,"delord","$47,253",9,4,2,0
326,"BaeMe","$47,167",0,0,1,0
327,"Tolkin","$46,683",8,3,2,0
328,"Kongyue","$46,642",0,2,3,0
329,"Lodik","$46,481",4,2,0,0
330,"Bugi","$46,246",2,1,3,1
331,"K1ng","$46,161",8,3,2,1
332,"Kold","$46,111",5,2,1,1
333,"MaKNooN","$46,079",1,2,0,1
334,"Uniboy","$46,042",0,2,4,0
335,"Optimus","$45,675",6,1,2,0
336,"Pyosik","$45,654",0,1,1,0
337,"baybay","$45,400",0,2,2,0
338,"Neon","$45,166",3,4,0,0
339,"Roach","$45,017",2,4,0,1
340,"Liang","$44,904",0,4,3,0
341,"Expession","$44,838",0,0,0,0
342,"Fly","$44,815",3,3,2,0
343,"Malrang","$44,741",1,1,1,1
344,"Burdol","$44,734",1,2,1,0
345,"Ggoong","$44,527",0,3,0,0
346,"Crash","$44,372",2,0,2,0
347,"CaoMei","$43,990",2,0,1,0
348,"Plugo","$43,537",7,3,1,0
349,"Trymbi","$43,099",2,2,1,0
350,"Cloud","$42,997",0,1,0,0
351,"Upset","$42,723",0,3,2,0
352,"Chres","$42,678",5,2,2,0
353,"Tabzz","$42,035",1,2,0,1
354,"kaSing","$41,966",6,7,6,1
355,"Swift","$41,589",0,2,1,0
356,"Sebekx","$41,539",9,3,0,0
357,"promisq","$41,534",3,1,0,1
358,"Jejky","$41,427",7,2,0,0
359,"Cpt Jack","$41,311",3,3,0,1
360,"SnowFlower","$41,151",4,0,1,1
360,"Xx","$41,151",0,4,1,0
362,"Closer","$41,063",3,1,0,2
363,"FBI","$40,985",3,2,2,1
364,"Nyph","$40,480",1,1,1,1
365,"LIDER","$40,470",3,3,0,0
366,"FoFo","$40,417",1,2,3,1
367,"Prince","$40,297",1,1,1,0
368,"Yeon","$40,270",6,3,1,0
369,"PDD","$40,250",1,2,1,0
370,"fabFabulous","$40,120",6,3,0,2
371,"puszu","$40,000",1,0,0,1
372,"Shenyi","$39,844",0,2,1,0
373,"Save","$39,781",0,2,1,0
374,"Zeitnot","$39,570",5,3,1,2
375,"micaO","$39,509",6,4,0,1
376,"illuSioN","$39,370",1,2,1,0
377,"Solo","$39,125",2,2,0,0
378,"Morning","$39,097",2,2,3,2
379,"Stitch","$38,976",1,1,2,0
380,"tockers","$38,950",6,3,0,2
381,"Seiya","$38,945",6,1,3,0
382,"Meliodas","$38,732",2,0,1,0
383,"P1noy","$38,655",7,3,1,1
384,"icon","$38,648",1,1,1,1
385,"Eika","$38,458",12,5,2,0
386,"Morgan","$38,451",1,1,1,0
387,"SSONG","$38,279",1,1,0,1
388,"Spica","$38,275",1,2,1,1
389,"Whitelotus","$38,210",6,1,1,0
390,"Nardeus","$38,117",4,0,0,0
391,"Chaox","$38,040",2,3,2,0
392,"Steak","$38,000",2,0,0,0
393,"Avoidless","$37,857",1,0,3,0
394,"Shemek","$37,801",12,6,3,0
395,"Obsess","$37,473",3,5,3,0
396,"Mark","$37,399",2,1,0,0
397,"kRYST4L","$37,369",0,1,1,0
398,"M1ssion","$37,323",3,1,3,0
399,"xiaolaohu","$37,164",0,3,0,0
400,"Rikara","$37,025",2,0,0,0
401,"Killua","$36,905",1,2,2,1
402,"Beichuan","$36,866",0,3,0,0
403,"Buggax","$36,636",4,0,1,0
404,"Hope","$36,553",0,1,0,0
405,"Adam","$36,533",3,1,2,0
406,"TynX","$36,465",5,3,2,0
407,"Doxy","$36,366",4,6,1,0
408,"loulex","$36,166",1,0,2,1
409,"Xuhao","$36,126",1,0,1,0
410,"GuGer","$36,071",2,6,0,0
411,"Fix","$36,065",6,4,0,0
412,"Tierwulf","$36,051",5,2,0,0
413,"XLB","$36,014",2,2,0,0
414,"Eyla","$36,000",4,3,1,0
415,"Agresivoo","$35,964",5,4,4,0
416,"Shernfire","$35,936",5,2,1,1
417,"Revolta","$35,735",5,4,5,2
418,"Zanzarah","$35,579",3,8,1,0
419,"Rich","$35,464",3,2,0,0
420,"Voyboy","$35,450",3,3,3,0
421,"Bradley","$35,340",4,1,0,0
422,"Steeelback","$35,301",7,1,0,1
423,"Rather","$35,294",2,1,1,1
424,"Bando","$35,176",6,7,2,0
425,"Stomaged","$35,120",5,3,0,2
426,"Mafa","$34,986",2,1,2,1
427,"Coco","$34,962",0,1,3,0
428,"Bvoy","$34,915",0,4,0,0
429,"Shlatan","$34,723",6,5,0,0
430,"Orome","$34,675",3,2,2,0
431,"Helios","$34,482",3,3,0,1
432,"HotshotGG","$34,380",3,3,3,0
433,"Shanks","$34,335",1,2,2,0
434,"TitaN","$34,281",7,0,1,1
435,"Sertuss","$34,263",4,3,2,0
436,"Yang","$33,740",6,5,0,2
437,"Karis","$33,632",3,1,1,0
438,"Noway","$33,625",3,4,3,0
439,"Nite","$33,573",4,2,4,0
440,"Cinkrof","$33,561",5,5,2,0
441,"K","$33,402",0,2,3,0
442,"GBM","$33,400",3,2,0,1
443,"Tore","$33,309",2,2,0,0
444,"Tonerre","$33,233",10,4,6,0
445,"Lilv","$33,067",1,2,4,1
446,"Zefa","$33,047",0,2,0,0
447,"Tabasko","$32,922",6,2,4,0
448,"bluerzor","$32,885",10,6,5,0
449,"Frozen","$32,881",2,2,0,1
450,"ShiauC","$32,806",2,0,1,2
451,"Send0o","$32,775",8,11,2,1
452,"Breeze","$32,502",0,2,3,0
453,"Czekolad","$32,432",4,1,1,0
454,"Jockster","$32,371",4,3,0,1
455,"Crownshot","$32,311",8,6,1,0
456,"Conan","$32,267",2,0,1,0
457,"Kitties","$32,250",0,2,2,0
458,"Chauster","$31,980",2,3,3,0
459,"NaeHyun","$31,976",2,2,1,2
460,"Asza","$31,971",7,3,2,0
461,"Gemini","$31,939",1,2,2,0
462,"Lucas","$31,774",2,0,1,0
463,"Xiyang","$31,577",1,1,2,1
464,"Keith","$31,400",1,4,1,0
465,"Jay","$31,375",1,2,2,0
466,"Phones","$31,320",1,5,5,0
467,"Keduii","$31,213",4,6,2,0
468,"Rest","$31,099",1,1,4,1
469,"Vsta","$30,965",0,1,2,0
470,"YiJin","$30,872",3,2,3,0
471,"Kami","$30,814",3,4,4,0
472,"Atlen","$30,730",3,0,1,2
473,"Bo","$30,670",0,1,0,0
474,"NikSar","$30,622",1,0,0,0
475,"ZaZee","$30,461",5,2,0,0
476,"Kreox","$30,384",1,3,1,0
477,"Warangelus","$30,360",2,5,1,0
478,"Djoko","$30,280",9,4,0,0
479,"Robo","$30,232",6,3,1,1
480,"Tank","$30,151",0,3,2,0
481,"Key","$30,095",2,0,0,0
482,"IWillDominate","$30,000",0,4,4,0
483,"Blasting","$29,902",3,1,0,0
484,"Pretty","$29,860",9,2,1,0
485,"MagiFelix","$29,654",13,5,1,1
486,"Kiaya","$29,640",2,3,1,0
487,"SolidSnake","$29,425",5,1,2,0
488,"SirT","$29,175",3,4,3,0
489,"Ronop","$29,166",4,1,2,0
490,"Innaxe","$29,086",4,7,0,0
491,"Don Arts","$28,990",4,2,1,0
492,"Finn","$28,967",1,2,3,0
493,"Crazy","$28,861",3,0,0,0
494,"Kellin","$28,728",0,2,2,0
495,"V1per","$28,600",4,1,0,0
496,"Comp","$28,451",8,3,1,0
497,"Adrian","$28,400",1,3,5,0
498,"Profit","$28,366",2,0,0,1
499,"Mole","$28,327",0,1,2,0
500,"Voidle","$28,052",2,2,2,0
501,"Exile","$28,005",2,7,2,0
502,"Moyu","$27,863",0,2,1,0
503,"Hana","$27,840",1,0,2,1
504,"Aiming","$27,810",0,2,1,0
505,"Rush","$27,796",1,0,2,1
506,"Homme","$27,787",1,1,1,1
507,"Space","$27,760",0,2,2,0
508,"Nate","$27,678",6,6,0,0
509,"Moopz","$27,592",8,6,4,0
510,"Chei","$27,573",0,2,0,0
511,"Dan Dan","$27,546",6,6,1,0
512,"Mylon","$27,408",4,2,2,0
513,"RedBert","$27,343",4,2,1,0
514,"Bigfatlp","$27,280",2,3,1,0
515,"ADD","$27,273",1,2,0,0
516,"Ranger","$27,116",3,1,1,1
517,"Nukes","$27,027",4,4,1,0
518,"Candy","$27,000",3,1,0,0
519,"NoWay","$26,998",6,3,1,0
520,"Forge","$26,844",2,0,0,0
521,"Duan","$26,690",1,0,0,0
522,"Dioud","$26,588",3,1,3,0
523,"Sya","$26,581",2,2,1,0
524,"Toaster","$26,551",6,7,3,0
525,"Lurox","$26,125",3,3,4,0
526,"HustlinbeasT","$25,901",5,5,7,0
527,"Raxxo","$25,900",2,8,2,0
528,"Elk","$25,846",0,2,2,0
529,"beishang","$25,846",0,3,2,0
530,"Missing","$25,846",1,2,2,0
531,"SSol","$25,807",1,4,1,0
532,"Ellim","$25,759",3,1,0,1
533,"Kuzan","$25,732",1,1,0,0
534,"Vasilii","$25,491",0,0,1,0
535,"Chippys","$25,442",4,3,5,0
536,"dyNquedo","$25,398",3,0,3,1
537,"Nevan","$25,203",2,1,0,0
538,"cvMax","$25,177",1,1,0,1
539,"scarra","$25,100",1,3,5,0
540,"Imaqtpie","$25,100",1,3,5,0
541,"Paz","$25,031",4,5,3,1
542,"Blanc","$24,824",1,0,0,1
543,"Shadow","$24,770",1,1,1,0
544,"Sangyoon","$24,759",1,1,1,0
545,"Move","$24,700",3,1,0,1
546,"TinOwns","$24,678",7,4,0,0
547,"Zantins","$24,486",4,0,0,1
547,"CandyPanda","$24,480",0,2,2,0
549,"Shook","$24,450",1,0,0,1
550,"Sleeping","$24,293",5,5,0,0
551,"Pilot","$24,274",1,1,1,0
552,"WhiteKnight","$23,949",4,1,0,0
553,"Benny","$23,924",0,1,2,0
554,"Deádly","$23,916",4,6,1,0
555,"Kingen","$23,910",1,0,0,1
556,"SMILEY","$23,886",3,6,4,0
557,"Destiny","$23,836",5,3,1,1
558,"Sky","$23,792",1,0,1,1
559,"Damonte","$23,763",1,2,2,0
560,"SoHwan","$23,667",0,1,0,0
561,"Babip","$23,554",5,2,0,1
562,"Thaldrin","$23,477",5,0,0,1
563,"NoNHoly","$23,470",0,6,1,0
564,"XiaoXiao","$23,457",0,1,1,0
565,"Newbie","$23,360",1,6,4,0
566,"Zhuo","$23,353",3,0,0,0
567,"Y1han","$23,228",0,1,0,0
568,"Skeanz","$23,148",5,6,4,0
569,"Riyev","$23,121",4,0,0,1
570,"Dreams","$23,006",3,3,0,0
571,"Paranoia","$22,995",1,3,1,0
572,"Hiiva","$22,819",2,4,0,0
573,"Jeskla","$22,754",3,4,0,0
574,"Gori","$22,679",2,1,1,1
575,"Padden","$22,577",2,0,0,1
576,"LirA","$22,479",1,0,0,0
577,"Untara","$22,284",0,1,0,0
578,"poome","$22,220",4,1,3,0
579,"Winds","$22,200",0,1,0,0
580,"Archer","$22,190",1,0,1,0
581,"Vetheo","$22,174",2,2,1,0
582,"Punch","$22,154",1,3,1,0
583,"Ryoma","$22,080",3,4,5,1
584,"Agurin","$22,077",6,2,1,0
585,"Puki Style","$22,057",2,8,4,0
586,"Emperor","$22,044",1,1,1,1
587,"Goldenglue","$22,000",1,2,1,0
588,"Kazu","$21,989",3,1,0,0
589,"COLD","$21,923",1,0,1,1
590,"Fenix","$21,890",1,2,3,0
590,"Yuuki60","$21,813",4,4,4,0
590,"Werlyb","$21,754",7,1,0,0
593,"Venus","$21,739",0,4,1,0
594,"Max","$21,734",0,1,1,0
595,"Maxi","$21,641",2,7,0,0
596,"VincentVega","$21,616",0,4,0,0
597,"EasyLove","$21,547",1,4,0,0
598,"Jestkui Max","$21,495",0,4,0,0
599,"Empt2y","$21,491",1,1,0,0
600,"Raina","$21,490",1,2,1,0
600,"Ace","$21,490",2,2,1,0
600,"Chaser","$21,447",0,1,0,0
603,"ocelote","$21,422",0,1,5,0
604,"Kirei","$21,357",2,3,3,0
605,"kev1n","$21,270",1,0,0,0
606,"Xiaobai","$21,200",1,1,0,1
607,"Warzone","$21,151",1,0,2,0
608,"Satorius","$21,130",1,2,2,0
609,"Naru","$20,993",4,1,1,1
610,"Slayder","$20,973",2,1,3,0
611,"Tally","$20,826",4,2,3,0
612,"Minerva","$20,795",4,5,1,0
613,"Triple","$20,684",5,2,0,1
614,"Bean","$20,625",1,3,1,0
615,"Matislaw","$20,611",3,7,1,0
616,"DiscotEkka","$20,549",0,4,0,0
617,"Willer","$20,536",1,1,0,0
618,"ikssu","$20,314",0,0,2,0
619,"Exosen","$20,298",5,5,1,0
620,"POP","$20,258",5,0,0,0
621,"Breathe","$20,182",0,2,2,0
622,"ON","$20,128",1,0,1,0
623,"Wendelbo","$20,055",5,4,0,0
624,"fredy122","$20,000",0,1,1,0
625,"Veritas","$19,902",2,3,0,0
626,"Ale","$19,859",0,1,0,0
627,"Iwandy","$19,859",0,2,0,0
628,"Light","$19,859",0,1,0,0
629,"Tay","$19,808",3,2,0,0
630,"Saintvicious","$19,730",3,2,3,0
631,"Jisu","$19,634",3,3,1,0
632,"Phrenic","$19,427",3,6,1,0
633,"Jirall","$19,401",4,1,3,0
634,"Beyond","$19,352",0,2,0,0
635,"Dia1","$19,323",0,3,1,0
636,"BioPanther","$19,274",4,1,0,1
637,"Szygenda","$19,179",4,3,1,0
638,"Reeker","$19,158",3,0,0,0
639,"Taxer","$19,142",9,12,3,0
640,"Wako","$19,122",0,1,2,0
641,"Samux","$19,115",0,2,1,0
642,"Cupcake","$19,052",4,2,5,1
643,"Acce","$18,974",1,3,2,0
644,"Youngjae","$18,926",1,0,3,0
645,"Jenax","$18,816",1,5,2,0
646,"Tom","$18,785",1,0,0,1
647,"Ackerman","$18,740",4,0,0,0
648,"Pride","$18,708",4,3,0,0
649,"Shadow","$18,695",1,3,1,0
650,"Lekcyc","$18,690",0,4,2,0
651,"Th3Antonio","$18,624",6,3,0,0
652,"Phaxi","$18,605",4,5,2,0
653,"Sacre","$18,566",5,4,1,0
654,"TrAce","$18,462",0,1,0,0
655,"Doggo","$18,388",0,2,0,0
656,"Hang","$18,383",1,1,0,0
657,"Cube","$18,383",1,1,0,0
658,"Mickey","$18,343",1,0,2,0
659,"Southwind","$18,301",0,0,0,0
660,"Puff","$18,301",0,0,1,0
661,"cody","$18,287",3,0,1,0
662,"LaMiaZeaLoT","$18,250",3,0,1,1
663,"Ventair","$18,242",5,1,3,0
664,"Winter","$18,142",5,4,4,0
665,"Envy","$18,131",4,1,0,0
666,"Apex","$18,114",1,2,2,0
667,"Freeze","$18,086",4,6,1,1
667,"Falco","$18,065",4,1,0,0
669,"Dan","$18,009",8,2,2,0
670,"Klaj","$18,005",0,4,4,0
671,"Zorozero","$18,000",1,3,0,0
672,"LEP","$17,968",2,1,4,0
673,"World6","$17,923",0,0,0,0
674,"Mystiq","$17,852",5,7,1,0
675,"Kumo","$17,800",1,2,1,0
676,"QaspieL","$17,762",3,4,1,0
677,"Patrik","$17,711",2,1,0,1
678,"Pandar","$17,635",5,1,1,0
679,"Labrov","$17,603",3,0,2,0
680,"Genthix","$17,582",3,0,2,0
681,"Twila","$17,566",4,0,0,0
682,"Xiaopeng","$17,566",5,0,0,0
683,"Changhong","$17,566",4,0,0,0
684,"Hooks","$17,520",4,3,1,0
685,"EGO","$17,391",2,1,0,0
686,"Joey","$17,305",1,0,0,0
687,"Tempt","$17,288",1,0,0,0
688,"Husha","$17,275",0,3,0,0
689,"3z","$17,247",1,1,3,0
690,"Kino","$17,204",0,2,1,0
691,"Magic","$17,160",1,0,1,0
691,"XUN","$17,120",1,0,1,0
691,"dshao","$17,100",1,0,2,1
694,"Broeki","$17,045",5,1,1,0
695,"takeshi","$17,004",1,6,2,1
696,"dexter","$17,000",0,1,1,0
697,"Phlaty","$16,805",0,4,1,0
698,"Jenkins","$16,800",3,2,0,0
698,"Bruce","$16,771",1,2,1,0
700,"Shushei","$16,690",3,0,1,1
701,"WarL0cK","$16,618",2,3,1,0
702,"Chrisberg","$16,595",8,0,3,0
703,"Shini","$16,561",4,3,0,0
704,"5fire","$16,530",9,3,2,0
705,"Ian","$16,515",0,1,1,0
706,"Crumbz","$16,510",0,2,1,0
707,"Absolut","$16,376",3,3,0,0
708,"UmTi","$16,366",0,1,0,0
709,"Lindarang","$16,305",0,0,1,0
710,"Alex","$16,269",0,1,2,0
711,"Ysera","$16,261",0,2,2,0
712,"Pridestalkr","$16,255",1,1,3,0
713,"Alu","$16,204",2,0,0,0
714,"Gamsu","$16,200",1,2,2,0
715,"Chap","$16,084",5,3,3,0
716,"DoubleAiM","$16,055",3,2,1,0
717,"Inori","$16,000",3,1,1,0
718,"Araneae","$15,990",1,0,1,0
719,"Summit","$15,977",1,1,1,0
720,"Coldenfeet","$15,931",0,5,0,0
721,"Milica","$15,930",6,2,2,0
722,"Thal","$15,841",1,2,0,0
723,"Leza","$15,831",1,3,1,0
724,"Visdom","$15,825",0,2,5,0
725,"Deftly","$15,813",0,3,0,0
726,"Lost","$15,792",0,3,5,0
727,"Kitty","$15,669",8,4,4,0
728,"Kinzu","$15,601",0,2,2,0
729,"Rabble","$15,589",0,1,3,0
730,"Guoguo","$15,573",0,1,0,0
731,"Hudie","$15,573",0,1,0,0
732,"Jaeger","$15,560",2,1,4,0
733,"Goku","$15,551",3,5,2,0
734,"Tolerant","$15,525",2,2,2,1
735,"FallenBandit","$15,520",3,3,0,0
736,"Le Roi Bisou","$15,509",4,0,2,0
737,"Qingtian","$15,489",2,0,0,0
738,"Xiaocaobao","$15,489",1,0,0,0
739,"Melon","$15,482",4,3,4,0
740,"Kaas","$15,389",7,1,2,0
741,"toucouille","$15,354",6,2,0,0
742,"wewillfailer","$15,334",1,1,1,1
743,"SozPurefect","$15,303",5,4,4,0
744,"Ellam","$15,295",4,1,0,0
745,"Wisdom","$15,278",2,0,1,1
746,"Jelly","$15,263",1,0,0,0
747,"seaz","$15,224",5,0,0,0
748,"M1kuya","$15,136",0,1,0,0
749,"Kektz","$15,115",5,6,2,0
750,"Kaze","$15,052",4,3,2,0
751,"Dardoch","$15,000",0,1,2,0
752,"deokdam","$14,935",1,2,1,0
753,"Lukezy","$14,929",2,5,1,0
754,"Jjun","$14,925",3,1,1,0
755,"Kaigu","$14,920",2,4,1,0
756,"SeongHwan","$14,901",0,0,1,0
757,"Nappon","$14,694",2,1,1,1
758,"Mellisan","$14,690",3,0,1,1
759,"Zin","$14,673",1,0,2,0
760,"Ben4","$14,631",0,1,0,0
761,"Luci","$14,619",2,3,1,0
762,"Snow","$14,615",1,0,0,0
763,"zs","$14,615",1,0,0,0
764,"Captain","$14,615",1,0,0,0
765,"Tuesday","$14,590",2,3,1,0
766,"Tgee","$14,520",2,4,1,0
767,"MaHa","$14,519",0,1,0,0
768,"Japone","$14,491",1,1,0,0
769,"Hadess","$14,487",9,4,0,0
770,"Ares","$14,468",2,0,0,0
771,"Garvey","$14,369",0,1,0,0
772,"Xioh","$14,342",1,5,3,0
773,"Bolulu","$14,304",4,2,0,0
774,"Dread","$14,233",1,0,1,0
775,"Sharkk","$14,209",4,2,2,0
776,"Venzer","$14,167",3,4,0,0
777,"Viod","$14,152",1,0,0,0
778,"Alive","$14,151",2,2,0,0
779,"Enjawve","$14,151",2,2,3,0
780,"yT","$14,138",0,3,0,0
781,"Ryan","$14,137",1,2,1,0
782,"Phantiks","$14,106",3,2,1,0
783,"Jojo","$14,104",2,3,0,0
784,"AKi","$14,011",0,0,2,0
785,"Big","$14,000",4,0,0,0
786,"XiaoWeiXiao","$14,000",0,0,1,0
787,"rhuckz","$13,982",3,5,0,1
788,"Totoro","$13,951",1,0,0,0
789,"Aun","$13,897",0,5,1,0
789,"Jett","$13,801",2,0,0,0
791,"Razork","$13,702",1,6,0,0
792,"Jinoo","$13,685",0,1,1,0
793,"Gari","$13,670",5,2,1,0
794,"Secret","$13,662",0,1,2,0
795,"Shrimp","$13,616",1,3,0,0
796,"Lucker","$13,582",4,1,1,0
797,"Hybrid","$13,580",1,1,2,1
798,"Prosfair","$13,570",12,3,4,0
799,"H0R0","$13,392",1,1,0,0
800,"Doss","$13,320",2,6,2,0
801,"Patoy","$13,300",0,1,0,0
802,"Mojito","$13,296",4,0,1,2
803,"Rich","$13,290",0,2,1,0
804,"Celebrity","$13,271",2,1,3,0
805,"Shiro","$13,217",3,3,0,0
806,"Renyu","$13,216",2,1,5,0
807,"HiRit","$13,204",3,0,0,0
808,"Chasy","$13,199",3,0,1,0
809,"Shikari","$13,197",13,3,1,0
810,"mancloud","$13,050",0,0,2,0
811,"Zuna","$13,050",0,0,2,0
812,"Ronaldo","$13,006",8,3,2,0
813,"Rock","$12,995",0,1,2,0
814,"Violet","$12,893",0,0,1,0
815,"Hatrixx","$12,890",2,2,1,0
816,"Spooky","$12,888",5,0,0,0
817,"REFRA1N","$12,886",1,1,1,0
818,"Kabbie","$12,869",1,0,0,0
819,"Fury","$12,862",0,0,1,0
820,"Shady","$12,860",3,4,4,1
821,"BloodWater","$12,800",0,0,2,0
822,"Aladoric","$12,788",1,2,0,0
823,"Violet","$12,788",1,1,0,0
824,"Wysek","$12,759",0,3,1,0
825,"Meteor","$12,754",0,1,1,0
826,"OnFleek","$12,713",0,2,1,0
827,"Lava","$12,695",0,0,0,0
828,"Mightybear","$12,650",0,2,0,0
829,"Yoshino","$12,629",3,0,0,0
830,"Narkuss","$12,625",3,2,2,0
831,"Nji","$12,524",9,3,0,0
832,"esA","$12,504",3,7,2,1
833,"Reapered","$12,489",2,0,0,0
834,"Vasked","$12,485",4,3,0,0
835,"Wos","$12,471",4,4,0,0
836,"Frappii","$12,469",2,4,0,0
837,"Flaresz","$12,458",2,0,2,0
838,"DuDu","$12,447",0,0,1,0
839,"Mitsuki","$12,442",2,0,0,0
840,"Quas","$12,430",0,1,4,0
841,"LIMIT","$12,428",1,0,0,0
842,"Klowny","$12,428",3,2,2,0
843,"Memento","$12,399",0,2,1,0
844,"Yuekai","$12,394",0,1,0,0
845,"Maoan","$12,388",0,1,0,0
846,"Darlik","$12,372",7,1,1,0
847,"Julien","$12,290",3,2,2,0
848,"Anthrax","$12,281",6,3,0,0
849,"OzoraVeki","$12,257",3,3,0,0
850,"Avenger","$12,212",3,0,2,0
851,"Vzz","$12,191",4,0,0,0
852,"Aix","$12,190",2,1,0,0
853,"Treatz","$12,184",1,4,3,0
854,"viviD","$12,181",3,5,1,1
855,"Value","$12,180",5,0,3,0
856,"Kati","$12,128",3,3,0,0
857,"Selfie","$12,122",1,1,0,0
858,"Ruin","$12,090",2,0,3,0
859,"Hoon","$12,076",1,0,0,0
860,"Scarlet","$12,046",2,3,0,0
860,"Guigo","$12,006",3,0,1,0
862,"NIXWATER","$12,000",0,0,0,0
863,"Diamond","$12,000",2,1,1,0
864,"Cotopaco","$11,975",2,2,2,0
865,"Josedeodo","$11,965",1,0,1,0
866,"Erdote","$11,941",3,1,1,0
867,"Hoit","$11,902",1,0,1,0
868,"TraYtoN","$11,851",2,3,1,0
869,"Artifact","$11,841",0,1,2,0
870,"DoeDoii","$11,805",4,2,0,0
871,"Akaadian","$11,800",0,2,0,0
872,"Atom","$11,752",1,6,2,0
873,"Matsukaze","$11,749",2,5,0,0
874,"Dove","$11,739",0,2,2,0
875,"yoHan","$11,737",1,0,2,0
876,"Vardags","$11,704",0,4,2,0
877,"DNK","$11,701",0,1,2,0
878,"Kubu","$11,698",0,1,2,0
879,"Decoy","$11,696",2,2,3,1
880,"YutoriMoyasi","$11,685",4,3,4,1
881,"Aegis","$11,674",3,0,0,0
882,"Hamez","$11,605",4,5,1,0
883,"Zzus","$11,596",2,0,2,1
884,"Ren","$11,571",1,2,0,0
885,"Kerberos","$11,560",8,4,5,0
886,"Skash","$11,557",1,0,0,0
887,"Haise","$11,536",0,1,0,0
888,"Aloned","$11,482",1,1,0,0
889,"Masterwork","$11,439",5,2,1,0
890,"FrostForest","$11,418",2,1,1,0
891,"Sinmivak","$11,418",3,0,3,0
892,"Arce","$11,412",3,0,2,0
893,"Relic","$11,412",2,2,2,0
894,"Brosak","$11,364",1,3,3,0
895,"Karim kt","$11,325",1,3,1,0
896,"SoaR","$11,312",0,3,2,0
897,"Raes","$11,302",4,4,3,1
898,"JayJ","$11,300",2,0,0,0
899,"Grell","$11,282",0,5,1,0
900,"Argonavt","$11,272",3,0,0,0
901,"CBL","$11,265",1,0,4,0
902,"Quixeth","$11,255",5,5,0,0
903,"Yoppa","$11,238",2,2,2,0
904,"Meight","$11,225",4,4,1,0
905,"Pulsas","$11,191",2,1,1,0
906,"Bono","$11,179",0,1,0,0
907,"Dumbledoge","$11,050",4,2,0,1
908,"Obvious","$11,032",4,1,1,0
909,"Four","$11,031",2,4,1,0
910,"Altec","$11,000",0,1,1,0
911,"Markoon","$10,962",2,2,0,0
912,"YoDa","$10,926",1,0,2,0
913,"Bie","$10,873",1,2,2,0
914,"Isles","$10,850",2,3,0,0
915,"Jezu","$10,811",1,0,2,0
916,"Fragas","$10,800",1,0,0,0
917,"Melonik","$10,763",1,0,1,0
918,"Arthur","$10,763",0,1,1,0
919,"Dragonminkim","$10,740",3,0,0,0
920,"Lonely","$10,708",1,0,2,0
921,"Zergsting","$10,696",2,0,0,1
922,"Bananitoo","$10,682",6,0,3,0
923,"Secr3t","$10,666",0,1,0,0
924,"Envyy","$10,642",2,0,1,0
925,"Special","$10,610",5,7,1,0
926,"Luger","$10,563",2,2,3,0
927,"Emp","$10,526",3,4,2,0
928,"Copy","$10,520",2,5,0,0
929,"Yampi","$10,504",3,3,2,0
930,"StarLast","$10,489",1,0,0,0
931,"Yaharong","$10,486",0,1,0,0
932,"HeaQ","$10,421",0,1,1,0
933,"Minit","$10,414",0,3,0,0
934,"Doxa","$10,363",2,1,0,0
935,"Apollo","$10,340",1,1,2,0
936,"SLT","$10,331",1,2,3,0
937,"Furuy","$10,283",4,4,5,0
938,"Shoryu","$10,200",2,4,0,0
939,"Scarface","$10,183",1,3,1,0
940,"Cat","$10,181",0,1,0,0
941,"Lies","$10,181",0,1,0,0
942,"Alois","$10,181",7,2,0,0
943,"Papa Chau","$10,150",0,2,1,0
944,"MnM","$10,140",0,0,0,0
945,"Dom1nant","$10,131",4,5,0,0
946,"niQ","$10,102",1,2,1,0
947,"Kruimel","$10,094",3,6,2,0
948,"Jiekou","$10,078",1,0,1,1
949,"BunnyFuFuu","$10,000",0,2,0,0
950,"Hammock","$10,000",0,1,0,0
951,"GreenTea","$10,000",0,0,0,0
952,"Pyrka","$9,960",2,0,4,0
953,"Breaker","$9,876",0,1,2,0
954,"GodKwai","$9,872",1,1,0,0
955,"Dreamer Ace","$9,871",0,3,0,0
956,"Nova","$9,858",1,0,1,0
957,"Cepted","$9,805",1,1,1,0
958,"mumus100","$9,767",1,5,3,0
959,"Nikola","$9,756",4,2,1,0
960,"Advienne","$9,752",1,1,0,0
961,"Bravado","$9,750",4,1,2,0
962,"Rakyz","$9,732",0,5,0,0
963,"Taikki","$9,693",0,3,3,0
964,"KingJ","$9,676",0,1,2,0
965,"Pooh","$9,667",0,1,0,0
966,"MANTARRAYA","$9,613",2,0,0,0
967,"MikeYeung","$9,600",3,2,0,1
968,"Kadir","$9,588",0,3,1,0
969,"behave","$9,519",3,4,1,0
970,"Bruness","$9,502",2,1,2,0
971,"Sorn","$9,499",0,1,3,0
972,"Dreampull","$9,444",1,3,0,0
973,"Jwaow","$9,429",1,1,4,0
974,"Khael","$9,375",2,0,1,0
975,"Raven","$9,370",1,0,0,0
976,"Blazes","$9,369",1,1,3,0
977,"SuNo","$9,360",1,0,1,0
978,"Czajek","$9,324",2,0,3,0
979,"Griffin","$9,313",0,2,2,0
980,"Godbro","$9,258",4,3,1,1
981,"Mash","$9,250",1,2,0,0
982,"xani","$9,242",1,2,1,0
983,"Hieu3","$9,237",0,1,0,0
984,"Wakz","$9,207",3,4,2,0
985,"wuji","$9,195",1,2,2,0
986,"Lourlo","$9,100",1,0,0,0
987,"Touch","$9,093",6,0,2,0
988,"Akabane","$9,058",1,0,1,0
989,"DudsTheBoy","$9,057",3,0,3,0
990,"Ceos","$9,057",3,0,3,0
991,"Asper","$9,026",2,0,1,0
992,"Prismal","$9,000",3,2,1,0
993,"OddOrange","$8,980",1,3,2,0
994,"Cariok","$8,956",2,2,1,0
995,"Kindless","$8,870",2,3,2,0
996,"Nightmares","$8,856",3,8,2,0
997,"Von","$8,853",2,2,1,0
998,"Plasma","$8,807",4,0,1,0
999,"Divkid","$8,795",0,1,3,0
1000,"Dara","$8,781",6,4,0,1
1001,"Ggamza","$8,778",4,1,0,0
1002,"Tussle","$8,777",4,5,2,1
1003,"Delitto","$8,769",3,2,0,0
1004,"NoFe","$8,765",0,0,0,0
1005,"ppgod","$8,736",0,0,1,0
1006,"Grevthar","$8,726",1,0,0,0
1007,"CozQ","$8,724",1,2,0,0
1008,"Ohq","$8,721",0,0,0,0
1009,"Jester","$8,717",1,2,3,0
1010,"Ophelia","$8,702",1,1,1,0
1011,"beansu","$8,701",2,4,2,0
1012,"HolyPhoenix","$8,698",6,1,0,0
1013,"Stefan","$8,683",2,2,0,0
1014,"Paris","$8,628",3,1,2,0
1015,"Kroghsen","$8,612",11,2,4,0
1016,"Shiganari","$8,590",0,3,0,0
1017,"Pancake","$8,559",1,1,1,0
1018,"Parang","$8,555",1,1,1,0
1019,"Kamilius","$8,546",3,1,1,0
1020,"Sharp","$8,517",4,0,3,0
1021,"Pabu","$8,500",1,3,0,0
1022,"Chazz","$8,500",1,1,0,0
1023,"Praedyth","$8,500",1,1,0,0
1024,"Drobovik123","$8,469",0,2,1,0
1025,"Crush","$8,463",1,1,0,0
1026,"Chapapi","$8,452",8,2,0,0
1027,"Dice","$8,435",1,0,1,0
1028,"WeiZor","$8,407",2,1,1,0
1029,"XinMo","$8,406",1,0,0,0
1030,"QQmore","$8,368",1,4,2,0
1031,"Bloody","$8,358",4,2,2,0
1032,"Route","$8,355",0,0,1,0
1033,"Makler","$8,350",1,0,1,0
1034,"Wolfe","$8,330",1,1,3,0
1035,"Rainbow","$8,283",1,0,1,0
1036,"Fox","$8,250",1,2,0,0
1037,"Mills","$8,216",2,1,0,0
1038,"Nerroh","$8,180",2,7,0,0
1039,"Xzz","$8,167",0,1,1,0
1040,"TasteLess","$8,152",3,4,0,0
1041,"EvanRL","$8,050",1,2,3,0
1042,"Stunt","$8,000",1,0,1,0
1043,"Blossom","$7,996",1,0,0,0
1044,"k0u","$7,995",3,3,1,0
1045,"Zvene","$7,991",3,1,1,0
1046,"Spirax","$7,980",2,2,2,0
1047,"Katare","$7,974",3,2,0,0
1047,"Mireu","$7,957",1,0,0,0
1049,"Raise","$7,902",1,0,1,0
1050,"EdinPriqtel","$7,892",2,0,1,0
1051,"MightyDragon","$7,876",1,2,0,0
1052,"RoseThorn","$7,800",2,1,2,0
1053,"Plox","$7,788",1,4,2,0
1054,"Ashanome","$7,776",3,5,1,0
1055,"Yado","$7,769",1,0,0,0
1056,"Unho1y","$7,761",1,2,0,0
1057,"Madness","$7,734",2,0,1,2
1058,"Elwind","$7,734",2,0,2,2
1059,"Sedrion","$7,695",0,2,2,0
1060,"Creaton","$7,680",1,0,0,0
1061,"Brayaron","$7,643",4,0,0,0
1062,"Artemis","$7,635",1,1,1,0
1063,"Pake","$7,630",0,1,2,0
1064,"Dajor","$7,596",0,2,0,0
1065,"TheRainMan","$7,540",1,1,2,0
1066,"Hasmed","$7,539",0,1,1,0
1067,"LukasNegro","$7,475",1,5,0,0
1068,"Juhan","$7,406",0,1,2,0
1069,"Fitz","$7,384",0,1,1,0
1070,"Vince","$7,368",5,2,0,0
1071,"Dhokla","$7,275",3,2,2,0
1072,"Limitationss","$7,173",2,2,2,0
1073,"Dimonko","$7,162",0,1,1,0
1074,"Tiger","$7,151",4,1,1,0
1075,"Aku","$7,146",3,7,3,0
1076,"Berserker","$7,128",3,1,0,0
1077,"CaD","$7,094",0,1,0,0
1078,"Yunbee","$7,080",2,1,1,0
1079,"QUICKTIMER","$7,056",2,2,0,0
1080,"Dreedy","$7,036",2,3,1,0
1081,"Matt","$7,000",0,1,0,0
1082,"Clozer","$6,987",0,0,0,0
1083,"Catch","$6,938",2,1,0,0
1084,"kubYD","$6,918",3,0,1,0
1085,"Baula","$6,916",1,5,0,0
1086,"IlllIma","$6,895",4,1,0,0
1087,"Mocha","$6,893",1,0,0,1
1088,"Zhergoth","$6,883",3,4,0,0
1089,"Turtle","$6,877",1,1,1,0
1090,"Chieftain","$6,874",0,1,0,0
1090,"MoMa","$6,860",0,1,0,0
1090,"DuaLL","$6,858",1,1,0,0
1093,"Swip3rR","$6,852",3,7,1,1
1094,"Archie2B","$6,842",0,1,1,0
1095,"Woody","$6,814",0,0,2,0
1096,"Exakick","$6,812",0,1,1,0
1097,"Erry","$6,800",1,1,1,0
1098,"fNb","$6,798",2,3,0,0
1099,"Krastymel","$6,797",2,2,2,0
1100,"Raqo","$6,762",5,5,2,0
1100,"Shinsekai","$6,759",1,0,0,0
1100,"Goose","$6,738",5,6,1,0
1103,"Albetrayber","$6,714",6,5,3,0
1104,"Leo","$6,713",0,1,0,0
1105,"Brandini","$6,700",3,2,0,0
1106,"MC","$6,692",2,0,0,0
1107,"Khantos","$6,653",0,2,0,0
1108,"Color","$6,645",2,0,0,0
1109,"Damage","$6,632",1,3,1,0
1110,"MadBlade","$6,585",5,3,1,0
1111,"Wizer","$6,557",0,0,1,0
1112,"Winston","$6,528",4,3,2,0
1113,"Jree","$6,500",1,0,2,0
1114,"XoNix","$6,499",0,0,1,0
1115,"Rueven","$6,497",1,0,1,0
1116,"Cookie","$6,486",1,3,0,0
1117,"Mia","$6,477",0,1,0,0
1118,"HyBriD","$6,472",0,0,1,0
1119,"UDYSOF","$6,450",1,0,0,0
1120,"Cboi","$6,437",4,4,1,0
1121,"Professor","$6,358",0,2,2,0
1122,"Wardain","$6,325",0,2,1,0
1123,"Roison","$6,322",0,5,3,0
1124,"Sks","$6,321",0,0,0,0
1125,"Raven","$6,304",0,1,0,0
1126,"Ayel","$6,276",2,2,0,0
1127,"Fanatiik","$6,232",2,3,2,0
1128,"Kenvi","$6,220",2,1,3,0
1129,"Tenacity","$6,220",2,1,3,0
1130,"Enso","$6,218",0,0,1,0
1131,"Frozen","$6,210",6,1,0,0
1132,"Palafox","$6,200",3,1,0,0
1133,"SOUPerior","$6,200",1,1,0,0
1134,"Care","$6,196",0,1,0,0
1135,"Niles","$6,180",1,1,4,0
1136,"Angush","$6,180",0,0,1,0
1137,"Ippon","$6,124",0,2,2,0
1138,"Rogue","$6,114",2,0,2,0
1139,"Shiphtur","$6,100",0,2,0,0
1140,"Crystal","$6,088",2,2,1,0
1141,"Bruno","$6,082",1,0,0,0
1142,"Jauny","$6,080",4,1,1,0
1143,"twohoyrz","$6,054",1,0,1,0
1144,"Aoi Haru","$6,051",1,0,0,0
1145,"BocaJR","$6,045",2,0,1,0
1146,"Haeri","$6,000",2,3,0,0
1147,"OmarGod","$6,000",0,1,1,0
1148,"Chad","$6,000",1,0,2,0
1149,"Keane","$6,000",1,0,0,0
1150,"Kz","$6,000",2,1,0,0
1151,"Motive","$5,974",0,0,2,0
1152,"Wink","$5,973",0,0,0,0
1153,"Nolan","$5,949",4,1,0,0
1154,"Joker","$5,945",0,1,2,0
1155,"Rod","$5,932",1,4,0,0
1156,"Nxi","$5,920",3,3,0,0
1157,"Seize","$5,918",0,1,0,0
1158,"Gango","$5,913",0,1,2,0
1159,"Seelame","$5,889",3,3,2,0
1160,"Navio","$5,888",0,1,1,0
1161,"Xaky","$5,887",5,3,1,0
1162,"Martin","$5,883",0,0,0,0
1163,"Style","$5,867",1,1,0,0
1164,"Ritix","$5,864",1,1,0,0
1165,"M1anhua","$5,862",0,3,0,0
1166,"fearness","$5,862",0,1,0,0
1167,"Wings","$5,862",0,1,0,0
1167,"Soligo","$5,860",3,0,0,0
1169,"LeX","$5,832",0,1,1,0
1170,"Weiwei","$5,805",0,0,0,0
1171,"SamD","$5,805",0,0,0,0
1172,"Biubiu","$5,805",0,0,0,0
1173,"xKenzuke","$5,795",1,0,0,0
1174,"SOLKA","$5,793",0,0,1,0
1175,"Zoiren","$5,786",4,2,0,0
1176,"Saviour","$5,731",5,4,0,0
1177,"Astarore","$5,725",3,1,0,0
1178,"Keine","$5,689",0,1,0,0
1179,"Teacherma","$5,664",0,0,0,0
1180,"hyrqBot","$5,650",1,0,1,0
1181,"EnvyCarry","$5,608",1,0,0,0
1182,"Fenfen","$5,604",0,0,0,0
1183,"Maestro","$5,604",0,0,0,0
1184,"Husky","$5,600",0,2,0,0
1185,"Nille","$5,595",1,1,2,0
1186,"Ruby","$5,593",0,2,0,0
1187,"Claire","$5,588",1,3,8,1
1188,"SkyBart","$5,558",0,5,2,0
1189,"Noltey","$5,554",0,4,7,0
1190,"Pride","$5,544",0,2,0,0
1191,"Petland","$5,535",1,2,0,0
1191,"Freire","$5,523",2,0,1,0
1191,"Saulius","$5,510",1,4,1,0
1194,"aesthetic","$5,507",1,1,2,0
1195,"Inition","$5,475",1,2,0,0
1196,"Krakmo","$5,467",1,4,1,0
1197,"MrRalleZ","$5,464",0,0,2,0
1198,"MarioMe","$5,461",2,0,1,0
1198,"Dark Solece","$5,447",0,2,0,0
1200,"Bay","$5,410",0,1,1,0
1201,"Odi11","$5,401",1,0,1,0
1202,"007x","$5,400",1,0,0,0
1203,"Griffon","$5,388",0,2,0,0
1204,"Disave","$5,340",1,0,1,0
1205,"Prime","$5,322",4,2,0,0
1206,"Erixen","$5,320",4,0,1,0
1207,"Kerp","$5,301",1,0,1,0
1208,"Croco","$5,296",0,0,1,0
1209,"Ruvelius","$5,296",2,0,1,1
1210,"Baca","$5,277",1,1,0,0
1211,"Xico","$5,266",2,2,1,0
1212,"Ryuzaki","$5,260",1,3,2,0
1213,"Own3r","$5,236",3,4,0,0
1214,"Miniduke","$5,229",2,1,1,0
1215,"Universe","$5,227",1,3,0,0
1216,"Decay","$5,206",1,2,2,0
1217,"Adept","$5,206",1,0,1,0
1218,"Priskornet","$5,197",2,2,1,0
1219,"FATE","$5,183",0,0,2,0
1220,"Anyyy","$5,178",1,0,1,0
1221,"NoXiAK","$5,156",0,0,2,0
1222,"komedyja","$5,144",2,1,0,0
1223,"ActScene","$5,142",0,0,0,0
1224,"Zuao","$5,134",1,0,4,0
1225,"Hauz","$5,128",3,0,0,0
1226,"Rafitta","$5,125",1,1,0,0
1227,"Wiz","$5,124",1,0,0,0
1228,"Nestea","$5,113",0,0,1,0
1229,"Mersa","$5,112",2,0,0,0
1230,"Luskka","$5,095",1,1,0,0
1231,"InTreso","$5,068",2,2,0,0
1232,"Baiano","$5,059",0,1,1,0
1233,"Fun K3y","$5,055",0,2,1,0
1234,"Atlanta","$5,020",2,0,0,0
1235,"Apii","$5,000",1,1,0,0
1236,"Nbs","$5,000",1,0,0,0
1237,"Halo","$5,000",2,2,0,0
1238,"TopLop","$5,000",2,1,1,0
1239,"Keshi","$4,994",0,1,0,0
1240,"xCharm","$4,989",0,2,0,0
1241,"FireRain","$4,980",0,0,1,0
1242,"Aoshi","$4,947",0,1,2,0
1243,"Victory","$4,932",0,0,0,0
1244,"Quinncidence","$4,925",2,1,0,0
1245,"Nemky","$4,921",0,2,0,0
1246,"Munckizz","$4,914",4,4,4,0
1247,"Marrow Ooze","$4,903",7,2,1,0
1248,"JaVaaa","$4,879",1,1,0,0
1249,"Unknown","$4,879",2,3,2,0
1250,"Archeny","$4,831",1,1,2,0
1251,"Tyr","$4,829",4,0,1,0
1252,"Zeus","$4,811",1,1,0,0
1253,"Defles","$4,806",0,2,1,0
1254,"Xuradel","$4,800",5,1,0,0
1255,"Rodov","$4,800",3,2,1,0
1256,"JimieN","$4,800",0,0,1,0
1257,"Slyv3r","$4,796",3,4,2,0
1258,"LL","$4,795",0,1,0,0
1259,"Froststrike","$4,795",1,5,0,0
1260,"Emtest","$4,774",0,2,0,0
1261,"Tutsz","$4,761",1,0,0,0
1262,"ImSoFresh","$4,758",0,1,0,0
1263,"Mimic","$4,757",2,0,1,0
1264,"Reje","$4,743",3,3,0,0
1265,"S0NSTAR","$4,740",0,0,0,0
1266,"Haydal","$4,707",2,5,0,0
1267,"Eren","$4,704",1,4,0,0
1268,"Poulsen","$4,677",1,1,0,0
1269,"Rifty","$4,667",2,4,2,0
1270,"Kabe","$4,664",0,1,0,0
1271,"Afm","$4,651",2,2,1,0
1272,"Phantomles","$4,647",3,1,0,0
1273,"Akunma","$4,640",1,4,0,0
1274,"yijie","$4,618",0,1,1,0
1275,"ACD","$4,616",2,1,1,0
1276,"Cl0x","$4,608",0,4,2,0
1277,"Efias","$4,598",2,2,0,0
1278,"Sephis","$4,597",2,0,0,0
1279,"Array","$4,590",4,1,2,0
1280,"Reven","$4,589",1,0,0,0
1281,"Mask","$4,578",0,1,0,0
1282,"Skude","$4,573",5,4,0,0
1283,"ZWuJi","$4,571",0,1,0,0
1284,"Youdang","$4,571",1,2,0,0
1285,"Coated","$4,556",0,0,1,0
1286,"ping","$4,532",0,1,0,0
1287,"Tony Top","$4,525",0,3,0,0
1288,"Tioo","$4,522",1,2,2,0
1289,"Locodoco","$4,470",0,0,0,0
1289,"Rulfchen","$4,466",3,1,0,0
1291,"JinO","$4,458",1,0,0,0
1292,"Kakan","$4,455",4,1,2,0
1293,"Topoon","$4,450",3,0,0,0
1294,"Hadow","$4,435",4,6,3,0
1295,"Azure","$4,434",0,2,0,0
1296,"Zeicro","$4,427",1,2,1,0
1297,"Flaxxish","$4,418",1,3,0,0
1298,"Zenit","$4,410",0,0,0,0
1299,"LaFleur","$4,401",6,1,0,0
1300,"Cabu","$4,396",1,0,3,0
1301,"Myw","$4,396",1,1,1,0
1302,"Guubi","$4,369",1,3,1,0
1303,"Wayne","$4,358",0,1,0,0
1304,"rjs","$4,351",1,0,0,0
1305,"Kine","$4,347",0,2,0,0
1306,"Rakin","$4,338",0,1,1,0
1307,"Once","$4,329",1,0,2,0
1308,"StenBosse","$4,328",3,2,0,0
1309,"Night","$4,320",4,5,0,0
1310,"pbO","$4,315",2,2,1,0
1311,"Kuma","$4,299",0,0,1,0
1312,"Kehvo","$4,242",0,4,1,0
1313,"Shiny","$4,240",2,0,1,0
1314,"Garo","$4,239",1,1,2,0
1315,"IceBreaker","$4,236",3,1,1,0
1316,"Eckas","$4,234",3,1,0,0
1317,"Holo","$4,233",0,0,2,0
1318,"DenVoksne","$4,211",1,1,2,0
1319,"Mirror","$4,201",1,3,0,0
1320,"J0J0C","$4,197",3,2,1,0
1321,"Mexi","$4,189",1,1,0,0
1322,"Nobody","$4,189",0,1,0,0
1323,"Kynetic","$4,176",0,2,2,0
1324,"Fraid","$4,167",1,3,1,0
1325,"Random","$4,144",5,1,0,0
1326,"Achuu","$4,137",2,1,2,0
1327,"Zytan","$4,134",3,1,1,0
1328,"Citrus","$4,125",0,1,0,0
1329,"Mewkyo","$4,110",1,0,1,0
1330,"Jatt","$4,100",1,0,2,0
1331,"Tuomari","$4,077",2,3,3,0
1332,"Mirbs","$4,074",1,0,2,0
1333,"Kronos","$4,063",1,2,0,0
1334,"Kackos","$4,062",0,2,1,0
1335,"Kyanna","$4,035",1,3,0,0
1336,"Tifa","$4,035",1,3,0,0
1337,"Pirean","$4,031",0,1,1,0
1338,"Hakuho","$4,000",0,0,1,0
1339,"Benji","$4,000",0,0,1,0
1340,"Moon","$4,000",0,0,0,0
1341,"Bull","$3,997",0,2,0,0
1342,"whiteinn","$3,994",1,2,0,0
1343,"Cheoni","$3,989",0,1,0,0
1344,"Baut","$3,989",0,1,0,0
1345,"Eimy","$3,984",0,0,1,0
1346,"PCL","$3,978",1,4,3,0
1347,"Dreamsu","$3,975",1,1,1,0
1348,"Keysie","$3,966",3,0,0,0
1349,"Lucky","$3,950",1,0,0,0
1350,"Zica","$3,928",0,0,0,0
1351,"Froggy","$3,905",0,1,0,0
1352,"Vicla","$3,903",2,0,0,0
1353,"Bonnie","$3,903",2,0,0,0
1354,"TH","$3,898",0,0,2,0
1355,"Bullet","$3,885",1,1,2,0
1356,"Spawn","$3,880",1,0,0,0
1357,"Spot","$3,879",0,0,2,0
1358,"Alternative","$3,874",3,2,1,0
1359,"Hantera","$3,863",1,1,0,0
1360,"Nipphu","$3,853",3,1,1,0
1360,"Dommmy","$3,852",3,2,1,0
1362,"Calm","$3,845",0,1,2,0
1363,"Gear","$3,842",0,0,0,0
1364,"Kit","$3,841",0,1,0,0
1365,"Raxhy","$3,836",1,1,2,0
1366,"Robba","$3,824",3,2,1,0
1367,"Lvsyan","$3,805",1,0,0,0
1368,"Brom","$3,803",0,0,0,0
1369,"LynX","$3,803",2,0,0,0
1370,"Tomo","$3,800",2,1,0,0
1371,"Nyu","$3,797",2,0,2,0
1372,"Grisen","$3,796",2,2,1,0
1373,"Mytheos","$3,788",2,4,3,0
1374,"AndyBendy","$3,779",2,4,3,0
1375,"Lion","$3,774",1,0,0,0
1376,"Yuri","$3,774",0,1,0,0
1377,"Energy","$3,769",4,1,1,0
1378,"Leon","$3,748",0,2,1,0
1379,"APA","$3,732",0,3,2,0
1380,"Kiefer","$3,731",1,1,1,0
1381,"Hiro","$3,727",0,0,0,0
1382,"Oscarinin","$3,726",0,2,0,0
1383,"113","$3,698",2,0,0,0
1384,"Click","$3,695",3,2,0,0
1385,"Sebs","$3,691",4,5,2,0
1386,"Choisix","$3,678",1,2,1,0
1387,"Kartis","$3,674",1,0,0,0
1388,"Engo","$3,660",1,0,1,0
1389,"Spookz","$3,656",2,4,1,0
1390,"Swiffer","$3,656",2,4,1,0
1391,"Zamulek","$3,641",0,2,0,0
1392,"Valkyrie","$3,630",0,1,1,0
1393,"BuLLDoG","$3,629",0,2,0,0
1394,"Chime","$3,625",2,1,0,0
1395,"Zwyroo","$3,619",0,1,3,0
1396,"Flare","$3,612",4,0,1,0
1397,"viNylCat","$3,610",0,0,0,0
1398,"Tiara","$3,591",2,2,0,0
1399,"Yusa","$3,587",4,3,7,0
1400,"Only","$3,581",2,3,3,1
1401,"Riss","$3,568",0,1,0,0
1402,"RoyalKanin","$3,565",1,0,0,0
1403,"Sarkis","$3,562",2,0,0,0
1404,"Taurus","$3,531",0,0,1,0
1405,"Hyôrai","$3,521",0,4,0,0
1406,"PaSa","$3,519",0,2,0,0
1407,"Poss","$3,515",1,0,0,0
1408,"DinTer","$3,514",0,0,0,0
1409,"ottovaG","$3,512",7,0,1,0
1410,"Will","$3,500",1,0,0,0
1411,"HungryPanda","$3,490",2,0,1,0
1412,"SadJesteRRR","$3,476",0,0,0,0
1413,"Only35","$3,470",2,1,0,0
1414,"Viking","$3,437",1,0,0,0
1415,"UNF0RGIVEN","$3,431",1,0,0,0
1416,"Madly","$3,420",1,1,1,0
1417,"Fresskowy","$3,411",0,2,0,0
1418,"CheonGo","$3,410",0,0,0,0
1419,"Mytant","$3,404",0,1,0,0
1420,"Darker","$3,400",0,0,2,0
1421,"Likai","$3,400",0,0,1,0
1422,"Hyoga","$3,384",1,0,1,0
1423,"Lamabear","$3,362",1,0,0,0
1424,"Seraph","$3,356",0,0,1,0
1425,"Kadaver","$3,329",6,1,1,0
1426,"Prodigy","$3,323",1,2,1,0
1427,"BULBAZABP","$3,320",0,1,0,0
1428,"goldento4st","$3,311",1,1,0,0
1429,"Yursan","$3,300",0,0,2,0
1430,"K2","$3,300",0,0,0,0
1431,"Azhi","$3,300",0,0,0,0
1432,"Malunoo","$3,300",0,0,1,0
1433,"extinkt","$3,300",0,0,1,0
1434,"Minji","$3,300",0,0,0,0
1435,"Bardo","$3,276",2,1,2,0
1436,"Hawk","$3,270",1,0,0,0
1437,"Akeno","$3,261",0,0,0,0
1438,"Rebel","$3,257",1,0,0,0
1439,"Glebo","$3,245",0,0,1,0
1440,"Lmzs","$3,244",1,0,0,0
1441,"Wondro","$3,239",3,2,0,0
1442,"Charger","$3,236",0,0,0,0
1443,"Neo","$3,232",2,0,1,1
1444,"Optimas","$3,222",1,1,0,0
1445,"Srtty","$3,220",1,1,1,0
1446,"Tomio","$3,220",1,2,1,0
1447,"Aspect","$3,220",1,1,1,0
1448,"Danny","$3,220",1,2,1,0
1449,"Mist","$3,220",1,1,1,0
1450,"Destroy","$3,217",0,0,2,0
1451,"Mikkel","$3,214",2,1,2,0
1452,"SkuLL","$3,212",1,0,0,0
1453,"Boomin","$3,206",2,4,0,0
1454,"Raid","$3,196",1,0,2,1
1455,"Impaler","$3,191",0,2,0,0
1456,"Hena","$3,186",0,0,0,0
1457,"Tear","$3,183",0,0,2,0
1458,"dibu","$3,181",3,0,0,0
1459,"JDG","$3,181",2,2,1,0
1460,"Dawn","$3,179",1,0,0,0
1461,"hammann","$3,175",0,1,0,0
1462,"Lilipp","$3,173",0,0,1,0
1463,"ItsCortez","$3,169",0,0,0,0
1464,"Cospect","$3,164",5,0,0,0
1465,"Tak","$3,133",0,1,2,0
1466,"Epic","$3,121",0,0,0,0
1467,"Trevor","$3,098",3,1,2,0
1468,"ChosenOne","$3,083",3,0,0,0
1469,"Ic0nic","$3,075",2,2,2,0
1470,"WouLou","$3,070",2,0,2,0
1471,"Supa","$3,065",0,2,0,0
1472,"Kryze","$3,051",1,2,0,0
1473,"Haninger","$3,041",0,1,0,0
1474,"WildHeart","$3,031",0,0,1,0
1475,"Vahvel","$3,031",1,0,1,0
1476,"Ripi","$3,029",3,1,0,0
1477,"bucu","$3,029",0,1,1,0
1478,"Kashtelan","$3,025",0,2,2,0
1479,"Genza","$3,023",0,1,0,0
1480,"Saju","$3,019",1,3,1,0
1481,"Laba","$3,018",0,1,1,0
1482,"Chelly","$3,007",0,0,1,0
1483,"Blaze","$3,000",0,1,0,0
1484,"Jojopyun","$3,000",0,2,0,0
1485,"Fill","$3,000",0,1,0,0
1486,"Hard","$3,000",0,1,0,0
1487,"Klaus","$2,984",0,2,0,0
1488,"LeQu","$2,969",0,2,0,0
1489,"styllEE","$2,954",1,2,0,0
1490,"NooB","$2,946",5,3,1,0
1491,"Koldo","$2,937",0,0,0,0
1492,"LUBEEENZZZ","$2,936",1,0,0,0
1493,"Turanaga","$2,936",1,0,0,0
1494,"Monk","$2,927",2,4,5,0
1495,"NOsFerus","$2,913",1,1,0,0
1496,"Anechek","$2,911",0,0,1,0
1497,"Arashi","$2,908",0,1,1,0
1498,"Wing","$2,900",0,0,0,0
1499,"Nausicaa","$2,900",1,0,0,0
1500,"Sheo","$2,888",0,2,2,0
1501,"Dragane","$2,865",1,3,0,0
1502,"FlayStation","$2,860",1,1,1,0
1503,"JeongHoon","$2,857",1,0,0,0
1504,"Insanity","$2,850",1,0,0,0
1505,"Hoya","$2,850",0,0,0,0
1506,"Draktharr","$2,830",0,0,1,0
1507,"Elio","$2,830",0,0,1,0
1508,"Jisoo","$2,823",0,1,0,0
1509,"Maxim","$2,819",2,0,0,0
1510,"Sof","$2,813",1,0,1,0
1511,"Pun1sher","$2,810",0,4,1,0
1512,"Chris","$2,807",0,3,0,0
1513,"ForellenLord","$2,801",0,0,1,0
1514,"Ablazeolive","$2,800",1,0,1,0
1515,"Dragdar","$2,795",0,0,2,0
1516,"Daption","$2,763",5,0,0,0
1517,"t4nky","$2,756",0,0,2,0
1518,"NUCLEARINT","$2,745",0,1,2,0
1519,"Taki","$2,741",1,1,0,0
1520,"Bean J","$2,741",1,1,0,0
1521,"Flakked","$2,736",0,1,0,0
1522,"LeChase","$2,719",2,2,0,0
1523,"KiWiKiD","$2,700",0,0,0,0
1524,"BroCColi","$2,700",0,0,1,0
1525,"Erasus","$2,698",1,0,0,0
1526,"Orre","$2,696",2,2,0,0
1527,"Hinn","$2,692",0,0,1,0
1528,"5Kid","$2,686",0,0,0,0
1529,"Mong","$2,668",0,0,0,0
1530,"Knighter","$2,667",1,1,0,0
1531,"Dragflick","$2,660",1,2,1,0
1532,"Phoenix","$2,649",3,0,1,0
1533,"Aslan","$2,637",0,1,1,0
1534,"Evrot","$2,634",0,1,0,0
1535,"2188","$2,630",0,0,0,0
1536,"RD","$2,629",0,0,1,0
1537,"Cover","$2,615",0,0,0,0
1538,"Kenapil","$2,604",0,4,3,0
1539,"Fomko","$2,569",0,0,1,0
1540,"Tide","$2,563",6,3,0,0
1541,"Marky","$2,560",0,0,0,0
1542,"AnOnPsyCkO","$2,556",1,0,0,0
1543,"Truklax","$2,545",2,4,0,0
1544,"KazeTAR","$2,534",2,1,1,0
1545,"Kuri","$2,526",0,0,0,0
1546,"Sunblast","$2,520",2,2,0,0
1547,"Domas","$2,517",2,1,1,0
1547,"Balkhan","$2,512",1,0,0,0
1549,"xiaoyueji","$2,506",0,0,1,0
1550,"neny","$2,506",0,0,1,0
1551,"Arnax","$2,505",1,1,0,0
1552,"Paolocannone","$2,500",0,0,2,0
1553,"Mercenary","$2,494",0,0,0,0
1554,"DarkSide","$2,480",0,1,0,0
1555,"Urban","$2,478",2,1,1,0
1556,"ESCIK","$2,473",0,2,0,0
1557,"EGym","$2,460",1,4,0,0
1558,"Praelus","$2,459",1,0,0,0
1559,"Bisbo","$2,456",1,0,0,0
1560,"Hidan","$2,456",1,0,1,0
1561,"Yoon","$2,450",0,1,0,0
1562,"Xavieles","$2,448",1,2,1,0
1563,"Pepiinero","$2,443",1,0,0,0
1564,"Allorim","$2,441",0,2,1,0
1565,"JF","$2,433",0,1,0,0
1566,"Wojtuś","$2,421",1,0,0,0
1567,"ShLaYa","$2,409",0,0,0,0
1568,"Lautemortis","$2,400",0,0,0,0
1569,"Yusin","$2,399",0,0,1,0
1570,"InKos","$2,390",1,1,1,0
1571,"MyKey","$2,389",0,0,0,0
1572,"Leodaras","$2,381",2,0,0,0
1573,"KronG","$2,381",0,0,0,0
1574,"Rybson","$2,377",0,1,2,0
1575,"CaiPi","$2,373",1,0,0,0
1576,"Benaset","$2,368",8,1,0,0
1577,"Gagai","$2,367",1,2,0,0
1578,"Canee","$2,360",0,0,0,0
1579,"Majd","$2,344",2,0,0,0
1580,"DnDn","$2,343",0,1,2,0
1581,"Sylvie","$2,343",0,1,2,0
1582,"FIESTA","$2,343",0,1,2,0
1583,"Practice","$2,315",3,1,0,0
1584,"Jiangqiao","$2,308",0,0,1,0
1585,"Nothing","$2,302",3,1,0,0
1586,"Trigo","$2,297",1,1,0,0
1587,"Bako","$2,289",0,3,1,0
1588,"Hiro","$2,287",3,1,2,0
1589,"Tulz","$2,287",1,1,1,0
1590,"Fallen","$2,282",2,0,1,0
1590,"FatMamma","$2,280",0,0,0,0
1590,"Noodle","$2,273",2,0,0,0
1593,"zty","$2,266",2,1,0,0
1594,"Kxng","$2,261",1,0,0,0
1595,"Joekie","$2,218",1,4,1,0
1596,"Strompest","$2,213",3,2,2,0
1597,"Potter","$2,213",1,1,2,0
1598,"Skeden","$2,210",1,2,0,0
1599,"Sevenarmy","$2,201",0,0,0,0
1600,"Noah","$2,201",1,0,0,0
1600,"Castle","$2,201",1,0,0,0
1600,"Evolved","$2,200",1,2,0,0
1603,"Duoking","$2,200",1,3,0,0
1604,"Giyuu","$2,200",0,2,0,0
1605,"Namex","$2,191",0,5,0,0
1606,"Kanji","$2,187",0,0,2,0
1607,"Aithusa","$2,173",1,0,1,0
1608,"Brance","$2,173",1,0,1,0
1609,"Cdric","$2,171",0,1,0,0
1610,"Rufus","$2,170",3,1,1,0
1611,"Twiizt","$2,155",2,2,2,0
1612,"Kiari","$2,154",0,1,0,0
1613,"Sardoche","$2,137",0,1,1,0
1614,"TamoZ","$2,135",0,0,1,0
1615,"Zhandia","$2,131",1,1,1,0
1616,"Follow","$2,121",4,1,0,0
1617,"Shine","$2,115",1,0,0,0
1618,"Swordd","$2,100",0,0,1,0
1619,"Clear","$2,090",0,1,0,0
1620,"Ques","$2,088",0,0,0,0
1621,"Tatuy","$2,087",2,0,2,0
1622,"Lebron","$2,080",0,3,0,0
1623,"Sawyor","$2,064",1,2,0,0
1624,"Mihai","$2,053",1,0,0,0
1625,"Camilonicolau","$2,052",3,0,0,0
1626,"Baba","$2,047",2,3,1,0
1627,"Eddie","$2,046",0,0,1,0
1628,"Rocklho","$2,045",1,1,0,0
1629,"Duclou","$2,045",0,0,0,0
1630,"Bible","$2,041",2,0,0,0
1631,"SlowQ","$2,037",1,0,0,0
1632,"Qwacker","$2,035",1,2,0,0
1633,"Art","$2,034",1,0,1,0
1634,"Yashiro","$2,034",1,1,1,0
1635,"svns","$2,027",1,0,0,0
1636,"Lenny","$2,022",2,0,2,0
1637,"Miracle","$2,021",0,0,0,0
1638,"Laynel","$2,021",0,1,0,0
1639,"JeppeHou","$2,018",2,4,0,0
1640,"D4nKa","$2,015",0,0,0,0
1641,"Sidnik","$2,015",0,0,0,0
1642,"Hollow","$2,010",0,2,1,0
1643,"Skeeto","$2,002",2,3,1,0
1644,"Ploxy","$2,002",4,2,1,0
1645,"Thien","$2,000",1,1,2,0
1646,"Katsurii","$2,000",1,0,2,0
1647,"FakeGod","$2,000",1,0,0,0
1648,"Gate","$2,000",0,0,1,0
1649,"TF Blade","$2,000",1,1,0,0
1650,"Keel","$2,000",1,0,0,0
1651,"Driver","$2,000",0,0,0,0
1652,"Zikz","$2,000",0,0,0,0
1653,"wingsofdeathx","$2,000",0,0,0,0
1654,"Kevy","$2,000",0,2,0,0
1655,"Snurmi","$1,995",2,0,0,0
1656,"Mindrago","$1,981",2,0,0,0
1657,"Michlit","$1,981",2,0,0,0
1658,"MoonBlack","$1,973",0,0,0,0
1659,"Seffe","$1,964",0,0,1,0
1660,"Kuroko","$1,962",0,0,0,0
1661,"Sybol","$1,954",0,2,1,0
1662,"Dambaj","$1,950",0,0,1,0
1663,"Worst","$1,947",3,2,1,0
1664,"Shmebu","$1,946",1,0,0,0
1665,"Baloo","$1,935",1,0,1,0
1666,"Migab","$1,931",6,0,0,0
1667,"Reborn","$1,929",2,2,0,0
1667,"HyoJun","$1,929",2,2,0,0
1669,"Czypsy","$1,906",0,0,2,0
1670,"Yameru","$1,901",1,3,1,0
1671,"Azitor","$1,901",2,3,1,0
1672,"Zelt","$1,895",5,2,1,0
1673,"Agentas","$1,894",1,2,1,0
1674,"Jaxplank","$1,876",1,2,0,0
1675,"Piter Pokir","$1,875",0,0,0,0
1676,"Justice","$1,870",0,0,0,0
1677,"Dragon","$1,867",1,0,0,0
1678,"Morsu","$1,862",0,1,0,0
1679,"Demon","$1,862",1,0,0,0
1680,"Arrietty","$1,862",1,1,0,0
1681,"DrMatt","$1,862",1,0,0,0
1682,"Brizz","$1,862",1,2,0,0
1683,"Wind","$1,856",0,0,0,0
1684,"Poeza","$1,856",1,0,0,0
1685,"Selfway","$1,855",0,1,2,0
1686,"Tyrin","$1,847",0,1,1,0
1687,"ST3PZ","$1,847",0,2,1,0
1688,"bydeki","$1,843",0,0,1,0
1689,"Robocop","$1,843",2,1,0,0
1690,"GIDEON","$1,842",0,0,0,0
1691,"Jkalam","$1,842",3,2,1,0
1691,"Diablo","$1,836",1,3,0,0
1691,"Acerola","$1,835",1,2,1,0
1694,"Bushy","$1,823",3,0,0,0
1695,"Aquasonic","$1,812",4,0,0,0
1696,"Pullbae","$1,804",1,0,0,0
1697,"B1ven","$1,800",0,0,0,0
1698,"Cozy","$1,793",3,2,0,0
1698,"Nikolex","$1,790",0,1,2,0
1700,"Hoiz","$1,788",0,0,2,0
1701,"Blue","$1,785",2,1,0,0
1702,"PiOk","$1,781",1,4,0,0
1703,"Eyliph","$1,780",0,1,0,0
1704,"Clever","$1,779",0,0,0,0
1705,"Nisbeth","$1,767",1,0,0,0
1706,"Airwaks","$1,766",1,1,0,0
1707,"Links","$1,763",2,0,0,0
1708,"Steve","$1,760",0,0,1,0
1709,"Alexx","$1,757",1,1,0,0
1710,"Proud","$1,753",0,0,0,0
1711,"BAO","$1,753",2,0,0,0
1712,"Lindgarde","$1,753",0,1,0,0
1713,"Pleata","$1,753",2,0,0,0
1714,"Moham","$1,752",2,1,0,0
1715,"Lodi","$1,752",2,1,0,0
1716,"BreadMan","$1,752",2,1,0,0
1717,"DrChaos","$1,750",1,1,0,0
1718,"Uloper","$1,748",1,0,0,0
1719,"iLevi","$1,746",2,0,0,0
1720,"Shogun","$1,742",0,3,6,0
1721,"Raxon","$1,736",0,4,1,0
1722,"Gabbo","$1,733",2,2,0,0
1723,"Vital","$1,726",0,1,1,0
1724,"LOCKIE","$1,720",1,0,1,0
1725,"Dimill","$1,714",0,0,0,0
1726,"Souli","$1,714",0,0,1,0
1727,"Lumerion","$1,712",1,2,0,0
1728,"St1ng","$1,712",0,0,1,0
1729,"Merza","$1,708",2,1,2,0
1730,"Fittle","$1,707",1,1,0,0
1731,"Matty","$1,700",3,0,2,0
1732,"Enga","$1,693",2,1,1,0
1733,"Gorica","$1,692",0,2,1,0
1734,"Outlandisch","$1,688",0,2,0,0
1735,"Thanatos","$1,686",1,0,0,0
1736,"Lucid","$1,686",1,0,0,0
1737,"Rahel","$1,686",1,0,0,0
1738,"Siler","$1,679",0,0,0,0
1739,"Lastwolf","$1,671",1,1,1,0
1740,"bit1","$1,664",0,0,0,0
1741,"Arin","$1,664",0,0,0,0
1742,"Xypherz","$1,663",0,0,0,0
1743,"Air","$1,651",1,1,0,0
1744,"Dinoricar","$1,635",1,1,0,0
1745,"Slayer","$1,632",5,3,0,0
1746,"Mayhem","$1,626",0,1,0,0
1747,"Manaty","$1,613",1,0,0,0
1748,"euna","$1,601",2,0,2,0
1749,"Johnsun","$1,600",0,0,0,0
1750,"OTTO","$1,600",0,1,0,0
1751,"Sheep","$1,600",0,0,0,0
1752,"Horus","$1,600",3,1,0,0
1753,"jinjo","$1,592",0,4,1,0
1754,"Joekerism","$1,588",0,1,4,0
1755,"Kanna","$1,583",1,1,0,0
1756,"Khynm","$1,582",1,1,1,0
1757,"Marfz","$1,579",0,1,0,0
1758,"Lynkez","$1,576",0,1,0,0
1759,"Looca","$1,566",1,1,0,0
1760,"GGul","$1,564",2,1,0,0
1761,"Flipper","$1,557",0,1,1,0
1762,"KemKen","$1,557",1,0,0,0
1763,"Bung","$1,555",1,0,1,0
1764,"Wayward","$1,550",1,0,0,0
1765,"Unravel","$1,550",0,0,0,0
1766,"Xiao17","$1,550",0,0,0,0
1767,"1xn","$1,550",0,0,0,0
1768,"GYX","$1,550",0,0,0,0
1769,"Artum","$1,549",0,1,0,0
1770,"Yazmat","$1,549",0,1,0,0
1771,"Croc","$1,540",0,1,2,0
1772,"Nomi","$1,538",1,2,0,0
1773,"LongB","$1,526",1,0,0,0
1774,"Bardito","$1,516",2,0,1,0
1775,"Adryh","$1,514",1,0,0,0
1776,"Glory","$1,511",0,0,0,0
1777,"TheTess","$1,501",0,1,0,0
1778,"Gastruks","$1,500",2,1,0,0
1779,"Zeypher","$1,500",0,6,1,0
1780,"Skyyart","$1,500",0,0,1,0
1781,"Mke","$1,498",1,1,0,0
1782,"Silas","$1,494",1,1,2,0
1783,"Juzinho","$1,492",1,0,0,1
1784,"Warszi","$1,491",0,1,1,0
1785,"Pak","$1,482",0,3,0,0
1786,"JackPoT","$1,471",1,0,0,0
1787,"irma","$1,465",0,1,0,0
1788,"View","$1,465",0,0,1,0
1789,"Mingjing","$1,465",0,0,0,0
1789,"CyraXx","$1,465",0,0,0,0
1791,"New","$1,465",0,1,0,0
1792,"Dany","$1,463",1,2,0,0
1793,"Appen","$1,461",1,3,1,0
1794,"Dawidsonek","$1,449",0,0,0,0
1795,"Soren","$1,443",0,1,0,0
1796,"Paladin","$1,441",0,0,0,0
1797,"Nazgul","$1,438",0,1,0,0
1798,"DahVys","$1,437",1,0,0,0
1799,"Meaning","$1,435",2,2,0,0
1800,"Igloo","$1,434",0,1,0,0
1801,"Librid","$1,431",2,0,0,0
1802,"Rawbin","$1,431",3,1,1,0
1803,"Rein","$1,419",0,0,0,0
1804,"Backlund","$1,418",1,0,0,0
1805,"Teeen","$1,415",0,0,1,0
1806,"WildPanda","$1,415",0,2,0,0
1807,"Octomalus","$1,413",1,1,0,0
1808,"Dinka","$1,410",1,0,1,0
1809,"ZombieKungen","$1,410",1,0,0,0
1810,"Paladin","$1,408",0,0,1,0
1811,"Lesmart","$1,400",2,0,0,0
1812,"RBM","$1,400",0,1,1,0
1813,"Barrage","$1,400",2,1,1,0
1814,"iWa","$1,398",1,1,0,0
1815,"Chemera","$1,398",1,0,1,0
1816,"WooFe","$1,396",0,2,1,0
1817,"flare","$1,379",1,0,1,0
1818,"Soboro","$1,377",1,1,0,0
1819,"Sanity","$1,372",1,1,2,0
1820,"Aesenar","$1,371",0,1,0,0
1821,"Findus","$1,363",0,1,1,0
1822,"Dred","$1,362",1,1,3,0
1823,"Jaunatis","$1,355",1,1,0,0
1824,"Maynter","$1,347",0,0,0,0
1825,"Balkane","$1,347",0,0,0,0
1826,"Blue45ty","$1,346",0,1,0,0
1827,"Snuggli","$1,339",0,0,1,0
1828,"KroMAX","$1,337",0,0,0,0
1829,"Shaoran","$1,320",0,0,0,0
1830,"Numandiel","$1,313",1,1,3,0
1831,"Chibs","$1,306",0,3,6,0
1832,"Warden","$1,301",0,0,1,0
1833,"HaRleLuYaR","$1,300",0,0,0,0
1834,"Thinkcard","$1,300",0,1,0,0
1835,"Do1u1u","$1,300",0,0,0,0
1836,"Monarca","$1,298",2,0,0,0
1837,"Brona","$1,298",2,0,0,0
1838,"Punisher","$1,297",0,0,0,0
1839,"HHNeverLucky","$1,296",2,5,0,0
1840,"KRP","$1,288",0,1,1,0
1841,"zhii","$1,283",1,1,0,0
1842,"Tibor","$1,272",2,0,0,0
1843,"Lotus","$1,266",1,1,0,0
1844,"Emi","$1,266",0,1,0,0
1845,"Speedy","$1,266",0,2,0,0
1846,"Wylenz","$1,257",0,6,1,0
1847,"Donbray","$1,250",1,0,0,0
1848,"Kennedys","$1,248",0,0,1,0
1849,"Eign","$1,246",2,0,0,0
1850,"Peach","$1,246",2,0,0,0
1851,"Delight","$1,240",2,0,0,0
1852,"Wolf","$1,235",1,2,0,0
1853,"Kabamarru","$1,235",0,4,0,0
1854,"Fisher","$1,233",2,1,0,0
1855,"Syrpy","$1,224",0,1,2,0
1856,"Asta","$1,223",2,1,0,0
1857,"noname","$1,222",2,1,0,0
1858,"Bobo","$1,218",0,0,1,0
1859,"Vizility","$1,212",0,1,0,0
1860,"Xyraz","$1,202",1,1,1,0
1860,"Rx Dye","$1,201",0,1,1,0
1862,"EquivocaL","$1,200",0,0,0,0
1863,"BarneyD","$1,200",0,0,1,0
1864,"Lunar","$1,183",0,1,2,0
1865,"Busio","$1,180",0,0,1,0
1866,"Carbono","$1,180",0,0,1,0
1867,"Vaynedeta","$1,167",0,1,1,0
1868,"Young","$1,160",0,1,3,0
1869,"Jun","$1,160",1,1,0,0
1870,"Shark","$1,155",0,0,0,0
1871,"Slugger","$1,155",0,0,0,0
1872,"H4cker","$1,154",0,0,1,0
1873,"Kind","$1,150",1,0,1,0
1874,"Stratospanda","$1,144",1,1,0,0
1875,"Lian","$1,141",0,1,2,0
1876,"Philip","$1,140",0,0,0,0
1877,"KonDziSan","$1,139",0,1,1,0
1878,"Meleks","$1,128",0,0,1,0
1879,"KOOLBERG","$1,122",0,2,1,0
1880,"Dummy","$1,121",0,0,2,0
1881,"FatShield","$1,121",0,0,2,0
1882,"Saitam","$1,120",0,0,2,0
1883,"ToongE","$1,117",1,2,0,0
1884,"Garp","$1,116",1,2,1,0
1885,"Sirinox","$1,113",1,2,2,0
1886,"PatkicaA","$1,111",0,1,0,0
1887,"Boal","$1,108",1,0,0,0
1888,"Spontexx","$1,106",1,0,0,0
1889,"Endz","$1,105",4,1,2,0
1890,"Eden Fox","$1,104",0,2,1,0
1891,"Snaker","$1,101",0,2,0,0
1892,"Zappy","$1,100",0,0,1,0
1893,"Woodboy","$1,099",0,0,1,0
1894,"Reclamation","$1,097",1,0,0,0
1895,"Karakal Jr","$1,092",0,0,1,0
1896,"Champen","$1,084",1,0,0,0
1897,"Fax","$1,082",0,1,0,0
1898,"Comet","$1,079",0,0,0,0
1899,"Hoglet","$1,076",0,1,2,0
1900,"Unforgiven","$1,076",0,0,1,0
1901,"Lingwi","$1,071",0,1,0,0
1902,"Diplex","$1,066",1,0,3,0
1903,"Prelude","$1,064",0,0,1,0
1904,"Symphony","$1,063",0,0,1,0
1905,"Dedrayon","$1,060",0,0,0,0
1906,"Blizz","$1,059",1,0,3,0
1907,"Malice","$1,056",0,0,0,0
1908,"Kaylem","$1,056",0,1,0,0
1909,"bAZZILISKS","$1,054",1,2,0,0
1910,"Nafkelah","$1,049",0,0,1,0
1911,"Meech","$1,038",0,1,1,0
1912,"Glowing","$1,022",1,1,0,0
1913,"Pat","$1,018",2,0,1,0
1914,"Juves","$1,014",0,0,2,0
1915,"Last","$1,010",0,0,0,0
1916,"Charca","$1,002",1,1,0,0
1917,"Serin","$1,000",2,1,0,0
1918,"Zothve","$1,000",0,0,1,0
1919,"Shok","$1,000",0,1,2,0
1920,"TOPKING","$1,000",0,0,0,0
1921,"Ferret","$1,000",2,1,0,0
1922,"Midbeast","$1,000",0,1,0,0
1923,"Dragku","$1,000",0,0,2,0
1924,"Gunkrab","$1,000",1,0,1,0
1925,"StarScreen","$1,000",3,2,0,0
1926,"SkyTec","$1,000",0,0,0,0
1927,"Lived","$1,000",0,0,1,0
1928,"Farfetch","$1,000",2,0,0,0
1929,"Swathe","$1,000",0,0,1,0
1930,"Tsiperakos","$998",0,1,0,0
1931,"Blacky","$996",1,1,0,0
1932,"Xeonerr","$995",0,0,0,0
1933,"Klydex","$988",1,2,0,0
1934,"apaMEN","$984",1,4,5,1
1935,"Creon","$983",0,1,2,0
1936,"Marlon","$980",0,1,0,0
1937,"DRIFTER","$967",1,0,0,0
1938,"Sangchu","$965",1,0,0,0
1939,"Pout","$965",1,0,0,0
1940,"darkchri","$962",2,1,0,0
1941,"Speedo","$960",1,1,1,0
1942,"Jujutw0","$958",0,0,1,0
1943,"Helaz","$958",0,0,1,0
1944,"Jackspektra","$957",0,0,0,0
1945,"Emiw","$952",1,0,2,0
1946,"Jaylink","$949",1,0,1,0
1947,"Cao","$940",0,0,1,0
1948,"I am Kees","$934",2,1,1,0
1949,"Homi","$933",0,3,0,0
1950,"Psclly","$930",0,1,2,0
1951,"Ordno","$930",0,3,2,0
1952,"Roamer","$926",1,2,0,0
1953,"StormFury","$925",0,0,0,0
1954,"Sajator","$918",2,0,0,0
1955,"Sacrifice","$918",2,0,0,0
1956,"Beenie","$914",0,1,0,0
1957,"Lospa","$913",2,0,0,0
1958,"Winner","$913",2,0,0,0
1959,"Quid","$913",2,0,0,0
1960,"Jaqen","$913",0,0,0,0
1961,"Taeyoon","$910",1,0,0,0
1962,"Netuno","$909",1,0,0,0
1963,"Jenxas","$907",0,0,0,0
1964,"Naxxy","$907",0,3,1,0
1965,"Catjug","$900",0,0,0,0
1966,"Wen","$900",0,0,0,0
1967,"Hyami","$900",0,0,0,0
1968,"Instinct","$900",0,0,1,0
1969,"Patience","$900",0,0,0,0
1970,"Toland","$899",1,0,1,0
1971,"Howling","$899",1,0,1,0
1972,"Ice","$899",1,0,1,0
1973,"Feisty","$896",0,1,1,0
1974,"Bounty","$891",2,0,0,0
1975,"Guertas","$886",1,0,3,0
1976,"StarSpring","$885",0,1,0,0
1977,"Enty","$884",1,3,6,1
1978,"Winsome","$883",1,1,0,0
1979,"Velja","$876",0,0,0,0
1980,"Cacon","$874",0,0,0,0
1981,"Aomine","$874",0,0,0,0
1982,"Raizins","$869",0,1,1,0
1983,"Lewus","$866",0,0,0,0
1984,"Feedarias","$864",1,2,0,0
1985,"Xicor","$860",1,0,0,0
1986,"Raven","$854",0,0,2,0
1987,"zezpez","$851",0,0,0,0
1988,"shanji","$851",0,1,0,0
1989,"Rhino","$850",0,1,1,0
1990,"Raheen","$850",0,1,1,0
1991,"HamBak","$849",1,1,0,0
1992,"KongMing","$849",1,2,0,0
1993,"Helper","$849",0,0,0,0
1994,"Raptor","$843",0,1,0,0
1995,"Loopy","$843",0,1,0,0
1996,"Gamin","$843",0,1,0,0
1997,"Godux","$838",1,1,0,0
1998,"Deluxe","$837",0,1,0,0
1999,"Fl4mer","$834",3,0,1,0
2000,"Blackrog","$822",1,2,1,0
2001,"Dimitry","$820",0,0,0,0
2001,"Gralou","$820",0,2,0,0
2003,"Vaunted","$814",0,0,0,0
2004,"Vex","$808",0,1,1,0
2005,"A M U S E 4","$804",1,1,0,0
2005,"Meron","$804",2,3,0,0
2007,"SimSin","$801",3,0,0,0
2007,"Metalx","$801",0,0,1,0
2009,"Kiy1n9","$800",0,0,0,0
2009,"Rex","$800",0,0,0,0
2009,"Jukes","$800",0,0,0,0
2009,"Shera","$800",0,0,0,0
2009,"Yusui","$800",0,0,0,0
2009,"Takeover","$800",0,1,1,0
2009,"Gariaru","$800",0,1,2,0
2016,"Harpoon","$795",0,0,0,0
2016,"Piloto","$795",0,0,0,0
2018,"KuKu","$788",0,0,0,0
2019,"Gotzy","$781",0,1,4,0
2020,"Tristesse","$778",0,0,0,0
2021,"Veignorem","$777",1,1,0,0
2022,"Khomzar","$776",0,0,0,0
2022,"Valhalla","$776",0,0,0,0
2022,"Vata","$776",0,0,0,0
2025,"Jakamaka","$772",0,0,0,0
2026,"Riron","$766",0,0,1,0
2027,"Hioss","$763",0,1,0,0
2028,"Peppe","$762",0,1,2,0
2029,"BB Muffin","$755",1,0,0,0
2030,"ATRemains","$754",0,1,1,0
2031,"Vrow","$750",0,2,1,0
2032,"ItzRenifer","$748",0,0,0,0
2033,"Kinn","$743",0,1,0,0
2033,"WaenA","$743",1,2,1,0
2033,"Calmsky","$743",0,1,2,0
2033,"Dragoon","$743",1,0,1,0
2037,"yOFT","$739",0,0,2,0
2038,"Bendix","$736",0,1,3,0
2039,"Seal","$726",0,0,2,0
2040,"FlashInTheNight","$721",0,0,0,0
2041,"Panda","$720",1,0,0,0
2042,"Governor","$717",0,1,1,0
2043,"Sloth","$713",2,0,0,0
2044,"Viketox","$710",0,0,0,0
2045,"Yike","$706",2,0,1,0
2046,"Sybr","$705",0,2,0,0
2047,"Sly","$702",0,1,0,0
2047,"Mish","$702",0,1,0,0
2047,"Chalice7","$702",0,1,0,0
2047,"Pain","$702",0,1,0,0
2047,"Meng","$702",0,1,0,0
2052,"Zerito","$700",0,0,0,0
2052,"Ceo","$700",0,0,0,0
2052,"Shu Hari","$700",0,0,0,0
2055,"mag1cian","$696",1,1,0,0
2055,"Conse","$696",1,2,1,0
2055,"HmlssMaster","$696",1,1,0,0
2058,"Adiss","$691",1,1,0,0
2058,"BeBopBulli","$691",0,1,1,0
2060,"Romuka","$686",0,0,0,0
2060,"ORION","$686",0,0,0,0
2060,"Vakulich","$686",0,0,0,0
2060,"Rillyaviel","$686",0,0,0,0
2060,"Imperial","$686",0,0,0,0
2060,"Get Lost","$686",0,0,0,0
2060,"Madrid1st","$686",0,0,0,0
2060,"Kenal","$686",0,0,0,0
2068,"ChangeName","$682",0,1,0,0
2069,"DNA","$680",0,0,1,0
2069,"Nottingham","$680",1,2,0,0
2071,"Jakobobbi","$674",0,1,1,0
2071,"Soul","$674",0,0,0,0
2073,"6ax","$661",0,0,0,0
2073,"Sericus","$661",0,0,0,0
2073,"PekiDo","$661",0,0,0,0
2073,"FeeNiixZ","$661",0,1,0,0
2077,"Lagiah","$658",0,2,0,0
2078,"existence","$650",1,0,0,0
2078,"Korpse","$650",1,0,0,0
2080,"Gricek","$649",0,0,0,0
2080,"Gaboesh","$649",1,0,0,0
2082,"Facen","$645",0,2,0,0
2083,"Smash","$642",1,1,0,0
2083,"Dal","$642",1,1,0,0
2083,"Forest","$642",1,1,0,0
2083,"Minous","$642",1,1,0,0
2087,"Eragon","$641",0,1,0,0
2088,"Rhobalas","$627",2,0,0,0
2089,"MjrDee","$626",0,0,1,0
2089,"Welcom","$626",1,0,0,0
2091,"Adrian","$619",1,1,0,0
2092,"vvarion","$618",0,0,0,0
2093,"Enel","$616",0,0,0,0
2094,"Gaaloul","$610",0,1,0,0
2095,"Yur4ik","$607",2,0,0,0
2095,"Shin","$607",2,0,0,0
2095,"Tezaret","$607",2,1,0,0
2098,"TakeSet","$603",0,0,1,0
2099,"Rubi0o","$601",0,1,0,0
2100,"WeiLun","$600",0,0,0,0
2100,"YourRiver","$600",0,0,0,0
2100,"Shade","$600",0,4,0,0
2100,"Bush","$600",0,0,0,0
2100,"chen9","$600",0,1,0,0
2100,"Kusuo","$600",0,0,0,0
2106,"Piwek","$599",0,1,0,0
2106,"Laatch","$599",0,0,0,0
2108,"Mousty","$596",0,0,0,0
2108,"Bankai","$596",0,0,0,0
2110,"Onyoz","$579",1,0,0,0
2111,"Ardes","$570",0,1,0,0
2112,"Straight","$563",0,1,0,0
2113,"OMON","$561",0,0,2,0
2113,"Infoneral","$561",0,0,2,0
2113,"Joep","$561",0,0,2,0
2116,"Crazycaps","$558",0,0,0,0
2117,"Betao","$552",0,1,0,0
2117,"Goot","$552",0,1,0,0
2117,"Kick","$552",0,1,0,0
2120,"Hyper","$550",0,0,2,0
2121,"Vayu","$549",1,0,0,0
2122,"Peter","$546",0,1,0,0
2123,"Heroic","$545",4,0,1,0
2124,"Crowno","$541",2,1,0,0
2125,"Barcode","$537",0,0,0,0
2126,"Muru","$535",1,0,0,0
2127,"Dasher","$533",0,1,0,0
2127,"OdduGi","$533",0,0,0,0
2129,"Ruf","$530",0,1,0,0
2129,"BetongJocke","$530",0,0,0,0
2131,"DarkWings","$528",0,1,1,0
2132,"Safir","$520",0,0,0,0
2133,"Spectral","$518",1,1,0,0
2134,"Toison","$513",0,1,1,0
2135,"Photon","$511",2,0,0,0
2135,"Focus","$511",1,0,0,0
2137,"Wixxi","$510",1,1,0,0
2138,"Bartiono","$508",0,0,0,0
2139,"Harp","$505",0,0,0,0
2139,"Jool","$505",0,0,0,0
2139,"Bini","$505",0,0,0,0
2142,"Betsy","$500",0,0,0,0
2142,"ProDelta","$500",0,2,0,0
2142,"BeNw","$500",0,0,0,0
2145,"EMENES","$496",2,0,0,0
2145,"Drop","$496",0,0,0,0
2147,"Scuro","$489",0,0,0,0
2148,"Jonsonny","$488",0,2,2,0
2148,"Dehaste","$488",2,3,0,0
2150,"Wao","$481",1,0,0,0
2151,"Zaphyr","$480",0,1,0,0
2152,"Lunddorf","$477",0,2,0,0
2153,"Harumi","$474",0,0,0,0
2154,"Linkkey","$472",0,2,0,0
2155,"ThintoN","$471",0,0,3,0
2156,"Galben","$468",0,0,0,0
2157,"Cacah","$466",1,0,0,0
2158,"Jean Mago","$463",1,1,0,0
2159,"PFI","$462",0,1,1,0
2160,"CptShrimps","$460",0,1,3,0
2161,"Teogen","$454",1,0,0,0
2162,"POILK","$453",0,1,0,0
2162,"Denzel","$453",0,1,0,0
2164,"Fizzi","$450",0,0,0,0
2165,"Dipzey","$449",0,2,0,0
2166,"Rowelly","$448",3,2,1,0
2166,"SunSieu","$448",0,0,0,0
2166,"Kiao","$448",3,2,1,0
2169,"Mirmoooo","$437",0,0,1,0
2170,"Julbu","$436",1,0,0,0
2171,"Elusion","$434",0,0,0,0
2171,"Reversed","$434",0,0,0,0
2173,"MeLikePanda","$428",0,1,2,0
2174,"Nasser","$422",0,1,1,0
2175,"Seonbi","$421",0,0,0,0
2175,"LukaLux","$421",0,0,0,0
2177,"Mido","$419",0,1,0,0
2177,"griff","$419",0,1,0,0
2177,"AcceZ","$419",0,1,0,0
2180,"Motroco","$412",0,0,0,0
2181,"Mafab","$411",0,1,0,0
2181,"AlphaCloud","$411",0,1,0,0
2181,"Stanniez","$411",0,1,0,0
2181,"Witsyy","$411",0,1,0,0
2185,"LagsAlot","$401",0,0,0,0
2186,"Cresho","$400",0,0,0,0
2186,"Mirai","$400",2,0,2,0
2186,"KASAPINA","$400",0,1,0,0
2186,"Zihan","$400",0,0,0,0
2186,"Maplestreet","$400",0,0,0,0
2186,"Xeno","$400",0,0,0,0
2186,"TeamLuke","$400",0,0,0,0
2186,"Phantoml0rd","$400",0,0,0,0
2186,"Dodo","$400",0,0,0,0
2195,"Lakinther","$399",1,0,0,0
2196,"Eyhro","$398",0,0,2,0
2197,"Jhinsane","$395",0,0,0,0
2198,"Noma","$392",1,3,2,0
2199,"Seb","$389",0,0,0,0
2200,"alleycat","$387",0,0,1,0
2200,"Recap","$387",0,1,1,0
2200,"Haretti","$387",1,1,2,1
2203,"Rylle","$383",0,0,1,0
2203,"RotteBengi","$383",0,0,1,0
2203,"Mixsi","$383",0,0,1,0
2203,"Carlsen","$383",0,0,1,0
2207,"Cathrine","$369",1,1,0,0
2208,"Prove","$364",0,0,1,0
2209,"Taara","$363",0,0,0,0
2210,"YamatoCannon","$360",0,0,0,0
2211,"Decky","$357",0,1,0,0
2211,"Blaise","$357",0,0,0,0
2211,"Piero","$357",0,1,0,0
2214,"Kamil","$351",0,2,0,0
2214,"AMOUR FAYA","$351",0,0,0,0
2216,"Neephesto","$349",0,0,0,0
2217,"Athyz","$340",1,0,0,0
2218,"Poppy","$339",0,0,0,0
2219,"Hachiman","$333",0,0,0,0
2220,"Redentor","$327",0,0,0,0
2221,"Luana","$325",0,3,0,0
2222,"Naruterador","$324",0,1,0,0
2223,"DizL","$317",2,1,0,0
2224,"Rebengga","$315",1,1,0,0
2225,"cowTard","$314",0,1,0,0
2226,"Sky","$283",0,2,0,0
2227,"Zeussak","$276",0,1,2,0
2228,"Travanques","$275",0,1,3,0
2229,"Lazernik","$271",0,1,1,0
2230,"Hugato","$270",0,0,0,0
2231,"Haze","$269",0,1,0,0
2232,"Burry","$264",0,1,0,0
2232,"BaeKHo","$264",0,1,0,0
2232,"MapSSi","$264",0,1,0,0
2235,"Vitin","$260",0,0,0,0
2236,"FENZ1","$258",0,0,0,0
2236,"S1d","$258",0,1,0,0
2238,"Ksaez","$254",0,0,1,0
2239,"Dracxar","$251",0,1,0,0
2239,"Zzanggu","$251",0,1,0,0
2239,"Merit","$251",0,1,0,0
2242,"Belgianbeast","$250",0,0,0,0
2242,"Concept","$250",0,1,0,0
2242,"Sheepy","$250",0,0,0,0
2245,"Divider","$238",0,1,0,0
2246,"Teh","$236",0,0,0,0
2246,"Sufleks","$236",0,0,0,0
2246,"Evaan","$236",0,2,1,0
2249,"Silk","$234",0,0,0,0
2250,"Nyx","$233",0,0,1,0
2251,"KuMaMoTo","$232",0,0,0,0
2252,"Telas","$231",0,0,0,0
2252,"Nigelf","$231",0,0,0,0
2254,"Moo","$230",0,0,0,0
2255,"F4rg","$226",0,1,3,0
2256,"Azra","$222",1,0,0,0
2257,"MrFreezed","$221",0,0,0,0
2257,"Warizar","$221",0,0,0,0
2259,"Imbi","$206",0,0,0,0
2260,"Akabuff","$200",0,0,0,0
2261,"Powder","$187",0,1,0,0
2262,"cogcog","$184",0,2,0,0
2262,"Rainbrain","$184",0,1,0,0
2264,"Defflok","$183",0,0,1,0
2265,"SeTab","$179",0,0,0,0
2266,"theblindboy","$176",0,0,0,0
2267,"Poby","$173",0,1,0,0
2268,"Zerost","$168",1,2,1,0
2268,"Awaker","$168",0,1,1,0
2268,"Jinsh","$168",3,0,1,0
2271,"MGX","$162",0,0,1,0
2272,"HW4NG","$161",0,1,0,0
2273,"Eclipse","$160",0,0,0,0
2273,"Revenge","$160",0,1,0,0
2275,"Boukada","$150",0,0,1,0
2276,"Titeito","$149",0,0,0,0
2276,"Stankie","$149",0,0,0,0
2278,"Qitong","$140",0,1,0,0
2279,"Reedfoo","$139",0,0,1,0
2280,"Soulah","$137",0,0,0,0
2280,"Pocok","$137",0,0,3,0
2280,"Crit Hero","$137",0,0,0,0
2283,"sorahed","$135",0,0,0,0
2284,"breezyyy","$128",0,1,0,0
2285,"Ravenzin","$125",0,0,0,0
2285,"Cavalo","$125",0,0,0,0
2285,"Yupps","$125",0,0,0,0
2285,"Disamis","$125",0,0,0,0
2289,"Crocomux","$118",0,0,0,0
2289,"Praevius","$118",0,1,1,0
2291,"Nixerino","$116",0,0,0,0
2291,"Skain","$116",0,0,0,0
2293,"EliWood","$115",0,2,0,0
2294,"GG SIR","$114",1,0,1,0
2294,"BoffeN","$114",0,1,0,0
2296,"Lawi","$113",0,0,0,0
2296,"Isma","$113",0,1,1,0
2296,"Small","$113",0,0,0,0
2299,"Infinity","$112",1,0,0,0
2300,"Kortini","$109",0,0,0,0
2300,"Eric","$109",0,0,0,0
2302,"TESLA","$107",0,0,1,0
2303,"Exyu","$100",0,1,0,0
2304,"TsarCanya","$84",0,0,1,0
2305,"Guigs","$77",0,0,0,0
2305,"Ari","$77",0,0,0,0
2307,"Hanor","$74",0,0,0,0
2307,"Yatsu","$74",0,0,0,0
2309,"HongA","$71",0,0,1,0
2309,"Blessing","$71",0,0,1,0
2311,"sLiM5h4dY","$68",0,1,0,0
2312,"Afroboi","$65",0,0,1,0
2313,"Sketchdreams","$63",0,1,0,0
2313,"Faisal","$63",0,1,0,0
2315,"WildStars","$59",0,0,0,0
2315,"Kourosh","$59",0,0,0,0
2315,"Typical","$59",0,0,0,0
2318,"TheKat","$54",0,0,0,0
2318,"Saizo","$54",0,0,0,0
2320,"T1moha","$47",0,0,0,0
2321,"Unlimited","$46",0,0,0,0
2321,"Pjush","$46",1,0,0,0
2321,"Kio","$46",0,0,0,0
2321,"Mazurr","$46",0,0,0,0
2321,"Ravea","$46",1,0,0,0
2321,"Naelynn","$46",1,0,0,0
2327,"Shellkunchik","$42",0,0,0,0
2327,"Antik","$42",0,0,0,0
2329,"Follen","$41",0,0,0,0
2330,"VISAO","$39",0,0,0,0
2331,"Demonadc","$36",0,0,0,0
2332,"The Cemen","$23",0,0,0,0
